타이틀 번호,요일,제목,링크
183559,월요일,신의 탑,https://shared-comic.pstatic.net/thumb/webtoon/183559/thumbnail/thumbnail_IMAG10_5e13c29c-f451-4430-a84a-a46495fb8cc3.jpg
602910,월요일,윈드브레이커,https://shared-comic.pstatic.net/thumb/webtoon/602910/thumbnail/thumbnail_IMAG10_8914c548-d69d-45d6-8008-bbc129e637c2.jpg
733766,월요일,인생존망,https://shared-comic.pstatic.net/thumb/webtoon/733766/thumbnail/thumbnail_IMAG10_b187e34b-9f68-4fd0-9b65-863560682933.jpg
597478,월요일,평범한 8반,https://shared-comic.pstatic.net/thumb/webtoon/597478/thumbnail/thumbnail_IMAG10_e4cf12ad-ee5b-441f-b237-8c15e488f6ed.jpg
694946,월요일,귀전구담,https://shared-comic.pstatic.net/thumb/webtoon/694946/thumbnail/thumbnail_IMAG10_c5e84842-ae12-4497-899a-c7289b4ede49.jpg
733074,월요일,백수세끼,https://shared-comic.pstatic.net/thumb/webtoon/733074/thumbnail/thumbnail_IMAG10_0741d1f6-2bae-474b-87ae-6f1a69988808.jpg
702422,월요일,니편내편,https://shared-comic.pstatic.net/thumb/webtoon/702422/thumbnail/thumbnail_IMAG10_8a7d3a98-291e-4fec-b399-7b8219c90854.jpg
729946,월요일,악취,https://shared-comic.pstatic.net/thumb/webtoon/729946/thumbnail/thumbnail_IMAG10_647f727e-bbae-4504-9628-e85898d2d7d6.jpg
730174,월요일,칼가는 소녀,https://shared-comic.pstatic.net/thumb/webtoon/730174/thumbnail/thumbnail_IMAG10_df034319-e76a-42d5-a3dd-5412c67f29d4.jpg
728750,월요일,장씨세가 호위무사,https://shared-comic.pstatic.net/thumb/webtoon/728750/thumbnail/thumbnail_IMAG10_d991c7c7-8068-48ce-b03b-54d4df8c8197.jpg
739115,월요일,앵무살수,https://shared-comic.pstatic.net/thumb/webtoon/739115/thumbnail/thumbnail_IMAG10_a206c88b-0b8c-461d-b9e0-76ae8f6ee8ff.jpg
714185,월요일,링크보이,https://shared-comic.pstatic.net/thumb/webtoon/714185/thumbnail/thumbnail_IMAG10_b09f7c2d-7083-467b-95bc-4dace9c21b6f.jpg
21815,월요일,히어로메이커,https://shared-comic.pstatic.net/thumb/webtoon/21815/thumbnail/thumbnail_title_21815_83x90.gif
703849,월요일,요리GO,https://shared-comic.pstatic.net/thumb/webtoon/703849/thumbnail/thumbnail_IMAG10_8bc27171-13cb-42da-ac77-e3d63d610c80.png
698888,월요일,이것도 친구라고,https://shared-comic.pstatic.net/thumb/webtoon/698888/thumbnail/thumbnail_IMAG10_d790af01-aba0-4c59-baca-1e61801cfa89.png
728007,월요일,도플갱어의 게임,https://shared-comic.pstatic.net/thumb/webtoon/728007/thumbnail/thumbnail_IMAG10_7b76bee2-0640-4717-a88d-b9db1b14925c.jpg
727826,월요일,교환일기,https://shared-comic.pstatic.net/thumb/webtoon/727826/thumbnail/thumbnail_IMAG10_aea0b8ed-0675-437a-8bf6-04001ad77f99.jpg
727836,월요일,첫사랑입니다만,https://shared-comic.pstatic.net/thumb/webtoon/727836/thumbnail/thumbnail_IMAG10_f842e125-5972-4750-afd4-d5cbc52d20e3.jpg
714886,월요일,신을 죽이는 방법,https://shared-comic.pstatic.net/thumb/webtoon/714886/thumbnail/thumbnail_IMAG10_dbf1c5f4-08ec-47f6-bd6d-ab6304d907de.jpg
721949,월요일,일진이 사나워,https://shared-comic.pstatic.net/thumb/webtoon/721949/thumbnail/thumbnail_IMAG10_7f13bf37-cf66-4cfb-922c-8399016459d7.jpg
738809,월요일,아는 여자애,https://shared-comic.pstatic.net/thumb/webtoon/738809/thumbnail/thumbnail_IMAG10_4e0cf3c8-94e2-48e9-bb41-278cee9395d4.jpg
725830,월요일,같은도장,https://shared-comic.pstatic.net/thumb/webtoon/725830/thumbnail/thumbnail_IMAG10_f8a6b2ea-7e99-410f-8b72-f1b1e4b289cb.jpg
741891,월요일,결혼생활 그림일기,https://shared-comic.pstatic.net/thumb/webtoon/741891/thumbnail/thumbnail_IMAG10_82d3cfa4-988c-4cbb-8158-17c1b522b59d.png
737835,월요일,아이키우는만화,https://shared-comic.pstatic.net/thumb/webtoon/737835/thumbnail/thumbnail_IMAG10_fb981ccf-345c-464c-9ed0-0ad4d38cca7a.jpg
687915,월요일,꿈의 기업,https://shared-comic.pstatic.net/thumb/webtoon/687915/thumbnail/thumbnail_IMAG10_e03acc4a-a1ce-4ebc-a021-e3cc07af5f20.jpg
726212,월요일,삶이 우리를 속일지라도,https://shared-comic.pstatic.net/thumb/webtoon/726212/thumbnail/thumbnail_IMAG10_04f8b297-1e05-4924-ae3f-b95859949126.jpg
706590,월요일,피플,https://shared-comic.pstatic.net/thumb/webtoon/706590/thumbnail/thumbnail_IMAG10_a5797ba5-ae4b-417f-ad02-6457cd9866ec.jpg
700858,월요일,닥터 하운드,https://shared-comic.pstatic.net/thumb/webtoon/700858/thumbnail/thumbnail_IMAG10_e8994ad1-3f8a-4003-a1e5-3f48087cebad.jpg
727838,월요일,위대한 방옥숙,https://shared-comic.pstatic.net/thumb/webtoon/727838/thumbnail/thumbnail_IMAG10_eafeebfe-214e-4046-9962-53e66e272ea5.jpg
730465,월요일,지옥,https://shared-comic.pstatic.net/thumb/webtoon/730465/thumbnail/thumbnail_IMAG10_9e20f543-98aa-4b6c-a36a-76f1626cdb66.jpg
738488,월요일,지구멸망버튼,https://shared-comic.pstatic.net/thumb/webtoon/738488/thumbnail/thumbnail_IMAG10_3dc0bac8-87e4-430a-91b9-cf39cdf89a5c.jpg
726189,월요일,요괴대전,https://shared-comic.pstatic.net/thumb/webtoon/726189/thumbnail/thumbnail_IMAG10_9ba7c658-7fbf-425f-ad91-e39b36a134ca.jpg
733078,월요일,정보전사 202,https://shared-comic.pstatic.net/thumb/webtoon/733078/thumbnail/thumbnail_IMAG10_581f62e1-9232-4052-a9ae-df8298372396.jpg
742889,월요일,노력의 결과,https://shared-comic.pstatic.net/thumb/webtoon/742889/thumbnail/thumbnail_IMAG10_64fe4fd8-c19c-48a7-a4d0-b816637824e0.jpg
730391,월요일,하슬라,https://shared-comic.pstatic.net/thumb/webtoon/730391/thumbnail/thumbnail_IMAG10_9dc0f9c2-f41d-4b2f-86e8-caa485246980.jpg
721455,월요일,뱀파이어의 꽃,https://shared-comic.pstatic.net/thumb/webtoon/721455/thumbnail/thumbnail_IMAG10_696501d1-5759-4a81-ae34-0a093d768c7b.jpg
740132,월요일,중독연구소,https://shared-comic.pstatic.net/thumb/webtoon/740132/thumbnail/thumbnail_IMAG10_e7b510e2-dfaf-4606-a07a-596c5472a359.jpg
734918,월요일,모락모락 왕세자님,https://shared-comic.pstatic.net/thumb/webtoon/734918/thumbnail/thumbnail_IMAG10_51e39eb5-b969-420b-af95-3befa05e4be4.jpg
733770,월요일,인간의 온도,https://shared-comic.pstatic.net/thumb/webtoon/733770/thumbnail/thumbnail_IMAG10_8c6798d2-8dbb-4771-a969-bcac5d74e5dd.jpg
730811,월요일,사소한 냐냐,https://shared-comic.pstatic.net/thumb/webtoon/730811/thumbnail/thumbnail_IMAG10_50d81076-1442-437a-8a04-1b1dab7254c5.jpg
734399,월요일,여기 악마가 있어,https://shared-comic.pstatic.net/thumb/webtoon/734399/thumbnail/thumbnail_IMAG10_ffec1cd5-6896-4d88-842e-bad671225a26.jpg
737020,월요일,물레,https://shared-comic.pstatic.net/thumb/webtoon/737020/thumbnail/thumbnail_IMAG10_8a690840-7ddc-47a5-b2d1-904532f0bb73.jpg
737378,월요일,블루투스,https://shared-comic.pstatic.net/thumb/webtoon/737378/thumbnail/thumbnail_IMAG10_3f8ceec4-fa5a-413c-b081-21348ae50fb1.jpg
703846,화요일,여신강림,https://shared-comic.pstatic.net/thumb/webtoon/703846/thumbnail/thumbnail_IMAG10_35503130-16ce-4236-b913-0fe76226de36.jpg
20853,화요일,마음의소리,https://shared-comic.pstatic.net/thumb/webtoon/20853/thumbnail/thumbnail_IMAG10_545c2365-1d18-4cd3-afd9-27b161a4c664.jpg
702608,화요일,랜덤채팅의 그녀!,https://shared-comic.pstatic.net/thumb/webtoon/702608/thumbnail/thumbnail_IMAG10_85425026-fd1c-4a8a-8d58-e257bbf892c0.jpg
642653,화요일,사이드킥 2~3,https://shared-comic.pstatic.net/thumb/webtoon/642653/thumbnail/thumbnail_IMAG10_7a019732-5db6-4c88-85fb-a65e69748797.jpg
683496,화요일,신도림,https://shared-comic.pstatic.net/thumb/webtoon/683496/thumbnail/thumbnail_IMAG10_69a59ea4-ece8-4454-beea-a730adae236f.jpg
698918,화요일,원주민 공포만화,https://shared-comic.pstatic.net/thumb/webtoon/698918/thumbnail/thumbnail_IMAG10_1ffbcabb-b5fd-41d8-9500-faaee1d3cbb4.jpg
730656,화요일,사신소년,https://shared-comic.pstatic.net/thumb/webtoon/730656/thumbnail/thumbnail_IMAG10_b324ec4f-f869-4b55-b2fb-63306bef3a41.jpg
602287,화요일,신의 언어,https://shared-comic.pstatic.net/thumb/webtoon/602287/thumbnail/thumbnail_IMAG10_224813aa-66df-4442-8647-1b44d645964b.jpg
695321,화요일,빙탕후루,https://shared-comic.pstatic.net/thumb/webtoon/695321/thumbnail/thumbnail_IMAG10_ed636544-e826-4b9b-96f2-fce37c9f8e54.jpg
738487,화요일,하루만 네가 되고 싶어,https://shared-comic.pstatic.net/thumb/webtoon/738487/thumbnail/thumbnail_IMAG10_bc43da09-4f05-446b-83a9-72ac7a5dfd24.jpg
654138,화요일,은주의 방 2~3부,https://shared-comic.pstatic.net/thumb/webtoon/654138/thumbnail/thumbnail_IMAG10_6703cec5-78ee-4a87-9362-e46b6763b432.jpg
616239,화요일,윌유메리미,https://shared-comic.pstatic.net/thumb/webtoon/616239/thumbnail/title_thumbnail_20161031214436_t83x90.jpg
741449,화요일,용왕님의 셰프가 되었습니다,https://shared-comic.pstatic.net/thumb/webtoon/741449/thumbnail/thumbnail_IMAG10_6aa5dfc6-5283-408a-8744-e62fbc52a12c.jpg
738174,화요일,중증외상센터  골든 아워,https://shared-comic.pstatic.net/thumb/webtoon/738174/thumbnail/thumbnail_IMAG10_8087458b-54db-4a79-a332-891abbf266f5.jpg
400739,화요일,에이머,https://shared-comic.pstatic.net/thumb/webtoon/400739/thumbnail/thumbnail_IMAG10_9b32956f-0e80-4d26-afd3-836796eaad25.jpg
676695,화요일,제로게임,https://shared-comic.pstatic.net/thumb/webtoon/676695/thumbnail/thumbnail_IMAG10_bf2d8488-97a2-45b7-97b0-44cdaf9263b1.jpg
703852,화요일,바른연애 길잡이,https://shared-comic.pstatic.net/thumb/webtoon/703852/thumbnail/thumbnail_IMAG10_7a7e52e5-f211-485d-a5ba-4f6f3f8acdc6.jpg
740034,화요일,견우와 선녀,https://shared-comic.pstatic.net/thumb/webtoon/740034/thumbnail/thumbnail_IMAG10_441329f7-c6b4-48ff-bbc6-025e0d303865.jpg
710750,화요일,악마와 계약연애,https://shared-comic.pstatic.net/thumb/webtoon/710750/thumbnail/thumbnail_IMAG10_17f35b20-c52e-44db-8378-63d5d7a37955.jpg
686312,화요일,열정호구,https://shared-comic.pstatic.net/thumb/webtoon/686312/thumbnail/title_thumbnail_20161010182406_t83x90.jpg
711422,화요일,삼국지톡,https://shared-comic.pstatic.net/thumb/webtoon/711422/thumbnail/thumbnail_IMAG10_4873773c-d8f0-430e-85d2-995f395b571f.jpg
703850,화요일,자판귀,https://shared-comic.pstatic.net/thumb/webtoon/703850/thumbnail/thumbnail_IMAG10_d093ab2d-a006-457b-92b5-1da097bc3af1.jpg
723046,화요일,하우스키퍼,https://shared-comic.pstatic.net/thumb/webtoon/723046/thumbnail/thumbnail_IMAG10_28f0f8e5-fe43-45e2-b911-1b73c2109dfc.png
710758,화요일,문래빗,https://shared-comic.pstatic.net/thumb/webtoon/710758/thumbnail/thumbnail_IMAG10_92008068-e8b4-448d-951d-490cbb09db42.jpg
732953,화요일,어글리 피플즈,https://shared-comic.pstatic.net/thumb/webtoon/732953/thumbnail/thumbnail_IMAG10_b6628204-2a4a-4d01-a4e2-47cf7292ecfa.jpg
733458,화요일,3cm 헌터,https://shared-comic.pstatic.net/thumb/webtoon/733458/thumbnail/thumbnail_IMAG10_28672aca-7303-4e2a-8ad3-b14f6c449455.jpg
719508,화요일,헬58,https://shared-comic.pstatic.net/thumb/webtoon/719508/thumbnail/thumbnail_IMAG10_7588cd34-ae5d-4b49-aeb7-21404d7503ef.jpg
725831,화요일,땅 보고 걷는 아이,https://shared-comic.pstatic.net/thumb/webtoon/725831/thumbnail/thumbnail_IMAG10_3017dea9-5240-477c-9550-46b8766f2966.jpg
626906,화요일,패밀리 사이즈,https://shared-comic.pstatic.net/thumb/webtoon/626906/thumbnail/title_thumbnail_20150810235651_t83x90.jpg
733080,화요일,그놈은 흑염룡,https://shared-comic.pstatic.net/thumb/webtoon/733080/thumbnail/thumbnail_IMAG10_989e4c91-a2eb-4369-a058-bce2f1ecbdea.jpg
731063,화요일,킬링타임,https://shared-comic.pstatic.net/thumb/webtoon/731063/thumbnail/thumbnail_IMAG10_4903657b-6737-4de5-a6dd-1f8d00067376.jpg
730148,화요일,피와 살,https://shared-comic.pstatic.net/thumb/webtoon/730148/thumbnail/thumbnail_IMAG10_9341cde8-427c-49af-8ad9-f1077f6d6b1e.jpg
721433,화요일,집이 없어,https://shared-comic.pstatic.net/thumb/webtoon/721433/thumbnail/thumbnail_IMAG10_7473d8cd-99db-4f80-98d4-cc5af7150c76.jpg
732988,화요일,올가미,https://shared-comic.pstatic.net/thumb/webtoon/732988/thumbnail/thumbnail_IMAG10_005eaa74-c2da-4adc-b9bf-5b0350ab8a62.jpg
733765,화요일,저세상 클라스!,https://shared-comic.pstatic.net/thumb/webtoon/733765/thumbnail/thumbnail_IMAG10_211e16c4-82fc-4669-87a5-0b34f8a1b276.jpg
738145,화요일,숲속의 담,https://shared-comic.pstatic.net/thumb/webtoon/738145/thumbnail/thumbnail_IMAG10_85b59a0e-a961-4314-8c20-69c67e8896fe.jpg
733006,화요일,너에게만 보이는,https://shared-comic.pstatic.net/thumb/webtoon/733006/thumbnail/thumbnail_IMAG10_7e67fce0-1dbb-432f-af0a-dd4645221e46.jpg
739114,화요일,아이고 아이고,https://shared-comic.pstatic.net/thumb/webtoon/739114/thumbnail/thumbnail_IMAG10_4d936327-6b73-4887-a2f7-0717e17c80fd.jpg
731019,화요일,그날 죽은 나는,https://shared-comic.pstatic.net/thumb/webtoon/731019/thumbnail/thumbnail_IMAG10_8d244a54-e464-4e86-b1e5-6fe4c6874d6b.jpg
720810,화요일,블랙엔젤,https://shared-comic.pstatic.net/thumb/webtoon/720810/thumbnail/thumbnail_IMAG10_39ffa39d-c7e6-4edc-a589-30972dbf2097.jpg
737019,화요일,조선홍보대행사 조대박,https://shared-comic.pstatic.net/thumb/webtoon/737019/thumbnail/thumbnail_IMAG10_1131af64-54ce-4d37-8380-bb82168626ac.jpg
738144,화요일,별종,https://shared-comic.pstatic.net/thumb/webtoon/738144/thumbnail/thumbnail_IMAG10_8b6de2cc-49c4-456c-a786-9dd895f20253.jpg
738483,화요일,안식의 밤,https://shared-comic.pstatic.net/thumb/webtoon/738483/thumbnail/thumbnail_IMAG10_b243227c-6502-4c39-b9aa-09fde861850c.jpg
735247,화요일,장단에 맞춰줘!,https://shared-comic.pstatic.net/thumb/webtoon/735247/thumbnail/thumbnail_IMAG10_c658b27b-105e-434d-b09b-50b038d8fb1e.jpg
726214,화요일,정년이,https://shared-comic.pstatic.net/thumb/webtoon/726214/thumbnail/thumbnail_IMAG10_45548b35-fad7-4f03-9c42-247fd97fbae9.jpg
651673,수요일,유미의 세포들,https://shared-comic.pstatic.net/thumb/webtoon/651673/thumbnail/thumbnail_IMAG10_659b9446-0940-494a-bb5f-5893290a84d0.jpg
626907,수요일,복학왕,https://shared-comic.pstatic.net/thumb/webtoon/626907/thumbnail/title_thumbnail_20150407141027_t83x90.jpg
662774,수요일,고수,https://shared-comic.pstatic.net/thumb/webtoon/662774/thumbnail/thumbnail_IMAG10_fddc4c8b-fbe6-422c-9777-590d98f4dc9e.jpg
667573,수요일,연놈,https://shared-comic.pstatic.net/thumb/webtoon/667573/thumbnail/title_thumbnail_20151120112903_t83x90.jpg
670143,수요일,헬퍼 2  킬베로스,https://shared-comic.pstatic.net/thumb/webtoon/670143/thumbnail/thumbnail_IMAG10_20190617_migrated.jpg
710747,수요일,세상은 돈과 권력,https://shared-comic.pstatic.net/thumb/webtoon/710747/thumbnail/thumbnail_IMAG10_b1079a8d-2d5e-49df-8f30-05b3e215170b.jpg
701535,수요일,격기3반,https://shared-comic.pstatic.net/thumb/webtoon/701535/thumbnail/thumbnail_IMAG10_4d4befe4-475f-4c02-be9b-085d0a9ece77.jpg
603159,수요일,레사 시즌2~3,https://shared-comic.pstatic.net/thumb/webtoon/603159/thumbnail/thumbnail_IMAG10_9c8174b9-022f-466f-acd5-1274aecee71c.jpg
728126,수요일,고삼무쌍,https://shared-comic.pstatic.net/thumb/webtoon/728126/thumbnail/thumbnail_IMAG10_0ee45437-dc90-4fe4-8305-dc962f74b861.jpg
721457,수요일,그래서 나는 안티팬과 결혼했다,https://shared-comic.pstatic.net/thumb/webtoon/721457/thumbnail/thumbnail_IMAG10_be10395c-8073-4472-8ecf-90924a96d23e.jpg
671421,수요일,언덕 위의 제임스,https://shared-comic.pstatic.net/thumb/webtoon/671421/thumbnail/thumbnail_IMAG10_51c242df-2c42-46e6-91d6-bbba062b3f21.jpg
733079,수요일,원수를 사랑하라,https://shared-comic.pstatic.net/thumb/webtoon/733079/thumbnail/thumbnail_IMAG10_93f97f3e-60a7-4d96-8c8d-5303071202e0.jpg
728015,수요일,모죠의 일지,https://shared-comic.pstatic.net/thumb/webtoon/728015/thumbnail/thumbnail_IMAG10_97de566e-d2cd-4590-b071-c678a3e85c56.jpg
717481,수요일,일렉시드,https://shared-comic.pstatic.net/thumb/webtoon/717481/thumbnail/thumbnail_IMAG10_abd208ef-46dd-42ef-942e-df70b9e27386.jpg
742105,수요일,미래의 골동품 가게,https://shared-comic.pstatic.net/thumb/webtoon/742105/thumbnail/thumbnail_IMAG10_1c174d09-90a4-4248-8dc1-d746892b62f3.jpg
725829,수요일,아도나이,https://shared-comic.pstatic.net/thumb/webtoon/725829/thumbnail/thumbnail_IMAG10_6b97d6e4-0a56-4067-97c1-59a9e1e36e47.jpg
718020,수요일,귀곡의 문,https://shared-comic.pstatic.net/thumb/webtoon/718020/thumbnail/thumbnail_IMAG10_7c551d69-62f1-4869-b365-88f38a70553f.jpg
738143,수요일,여주실격!,https://shared-comic.pstatic.net/thumb/webtoon/738143/thumbnail/thumbnail_IMAG10_1c21820a-c0c8-48dd-8870-77a076a70ccf.jpg
730425,수요일,판타지 여동생!,https://shared-comic.pstatic.net/thumb/webtoon/730425/thumbnail/thumbnail_IMAG10_1021f165-b14c-480b-bf82-3e9d622472ea.jpg
316909,수요일,그 판타지 세계에서 사는 법,https://shared-comic.pstatic.net/thumb/webtoon/316909/thumbnail/thumbnail_IMAG10_da706b81-7dc2-456f-a047-0a67c0c48ab7.jpg
735979,수요일,얼굴천재,https://shared-comic.pstatic.net/thumb/webtoon/735979/thumbnail/thumbnail_IMAG10_ccbcacb5-2284-4ec0-8f97-18a1ad9aa324.jpg
710760,수요일,이츠마인,https://shared-comic.pstatic.net/thumb/webtoon/710760/thumbnail/thumbnail_IMAG10_0f9651ee-18f9-4fbb-bdf7-cded844fcb6d.jpg
731297,수요일,갓물주,https://shared-comic.pstatic.net/thumb/webtoon/731297/thumbnail/thumbnail_IMAG10_df561e4d-07f3-4a43-8098-2449b5f35918.jpg
741150,수요일,당신의 향수,https://shared-comic.pstatic.net/thumb/webtoon/741150/thumbnail/thumbnail_IMAG10_76ed0838-0617-4f9e-8d95-184e7326a5e2.jpg
733034,수요일,방탈출,https://shared-comic.pstatic.net/thumb/webtoon/733034/thumbnail/thumbnail_IMAG10_6658a635-2976-42fe-bc43-647ca74d5eed.jpg
731978,수요일,정순애 식당,https://shared-comic.pstatic.net/thumb/webtoon/731978/thumbnail/thumbnail_IMAG10_133210c0-30ea-40a1-8d17-063ccc751c88.jpg
736744,수요일,캐슬,https://shared-comic.pstatic.net/thumb/webtoon/736744/thumbnail/thumbnail_IMAG10_52c79b5c-7d5e-48ff-a377-ee247b3134bd.jpg
670140,수요일,203호 저승사자,https://shared-comic.pstatic.net/thumb/webtoon/670140/thumbnail/thumbnail_IMAG10_9f5deabc-dc5b-4401-8548-35d98126bb14.jpg
602916,수요일,칼부림,https://shared-comic.pstatic.net/thumb/webtoon/602916/thumbnail/thumbnail_IMAG10_243624c9-67a6-442d-bf1f-d1cade18a8ef.jpg
732955,수요일,닥터앤닥터 육아일기,https://shared-comic.pstatic.net/thumb/webtoon/732955/thumbnail/thumbnail_IMAG10_404a37ed-7552-41bb-8138-3ea97cc7bb03.jpg
722386,수요일,오라존미,https://shared-comic.pstatic.net/thumb/webtoon/722386/thumbnail/thumbnail_IMAG10_713aaa93-8e3c-473d-8156-fac48c19ff3b.jpg
714834,수요일,자취로운 생활,https://shared-comic.pstatic.net/thumb/webtoon/714834/thumbnail/thumbnail_IMAG10_e8f48301-bbcf-40d2-ac92-9a8e45ee2d5d.jpg
727268,수요일,커넥트,https://shared-comic.pstatic.net/thumb/webtoon/727268/thumbnail/thumbnail_IMAG10_f1008bab-b11a-42cf-89fc-98eeb5b16661.jpg
736281,수요일,럭키언럭키,https://shared-comic.pstatic.net/thumb/webtoon/736281/thumbnail/thumbnail_IMAG10_28a4ac1b-dbd9-4cf2-a284-f4cd9c029c97.jpg
737836,수요일,오버더문,https://shared-comic.pstatic.net/thumb/webtoon/737836/thumbnail/thumbnail_IMAG10_8fca89ac-5ed5-4c49-8b40-b2e5cab1b9a2.jpg
732259,수요일,텃밭부 사건일지,https://shared-comic.pstatic.net/thumb/webtoon/732259/thumbnail/thumbnail_IMAG10_aad27957-f05c-48d4-84ca-d40b1d543c00.jpg
731939,수요일,나의 우주,https://shared-comic.pstatic.net/thumb/webtoon/731939/thumbnail/thumbnail_IMAG10_a3d0d491-aa09-49d2-a852-681a889b742a.jpg
740423,수요일,도전 K-스타트업,https://shared-comic.pstatic.net/thumb/webtoon/740423/thumbnail/thumbnail_IMAG10_6a912298-42e9-4b55-b81f-6bded3078ebb.png
739113,수요일,기억흔적,https://shared-comic.pstatic.net/thumb/webtoon/739113/thumbnail/thumbnail_IMAG10_8246c082-47aa-4a6b-bfac-2904c537409c.jpg
697254,수요일,푸른사막 아아루,https://shared-comic.pstatic.net/thumb/webtoon/697254/thumbnail/thumbnail_IMAG10_373726b6-d41b-4a6d-bb8e-68b6e344471f.jpg
733137,수요일,어쩐지 수상하더라,https://shared-comic.pstatic.net/thumb/webtoon/733137/thumbnail/thumbnail_IMAG10_24c790e4-bb27-4d00-827b-75fe7c30af59.jpg
734041,수요일,밀웜,https://shared-comic.pstatic.net/thumb/webtoon/734041/thumbnail/thumbnail_IMAG10_bfcc5e6d-45a2-4273-8890-5e3c77568674.jpg
735254,수요일,신선비,https://shared-comic.pstatic.net/thumb/webtoon/735254/thumbnail/thumbnail_IMAG10_e1d195bb-e5ef-4afc-886f-f62a35214395.jpg
737009,수요일,FM보이,https://shared-comic.pstatic.net/thumb/webtoon/737009/thumbnail/thumbnail_IMAG10_5acfee44-2f74-479d-b178-12749ef8df0d.jpg
735982,수요일,귀신이지만 사랑하고 싶어,https://shared-comic.pstatic.net/thumb/webtoon/735982/thumbnail/thumbnail_IMAG10_a5f67adf-db54-46c1-a59f-5d026a13589b.jpg
736699,수요일,저승사자 출입금지,https://shared-comic.pstatic.net/thumb/webtoon/736699/thumbnail/thumbnail_IMAG10_948c361c-8571-4c45-9562-e2181f1c5bef.jpg
740481,수요일,천도,https://shared-comic.pstatic.net/thumb/webtoon/740481/thumbnail/thumbnail_IMAG10_9fc2000a-f0e4-4fda-898f-5f2f82469dee.jpg
570503,목요일,연애혁명,https://shared-comic.pstatic.net/thumb/webtoon/570503/thumbnail/thumbnail_IMAG10_5719a3fe-81f4-4a0c-8c27-eca1631e8384.jpg
715772,목요일,좀비딸,https://shared-comic.pstatic.net/thumb/webtoon/715772/thumbnail/thumbnail_IMAG10_45108665-e46e-49f7-9ee5-ded04dbbc6d0.jpg
736989,목요일,더 복서,https://shared-comic.pstatic.net/thumb/webtoon/736989/thumbnail/thumbnail_IMAG10_dc639e95-a787-49bd-9bb6-b835909a764d.jpg
570506,목요일,최강전설 강해효,https://shared-comic.pstatic.net/thumb/webtoon/570506/thumbnail/title_thumbnail_20130710192300_t83x90.jpg
731130,목요일,이두나!,https://shared-comic.pstatic.net/thumb/webtoon/731130/thumbnail/thumbnail_IMAG10_95bffd81-d7ca-48f7-8e17-3da2c97ae7db.jpg
637931,목요일,전자오락수호대,https://shared-comic.pstatic.net/thumb/webtoon/637931/thumbnail/thumbnail_IMAG10_f3fcdcff-76fe-43d8-ba90-1e38b5306879.jpg
699415,목요일,간 떨어지는 동거,https://shared-comic.pstatic.net/thumb/webtoon/699415/thumbnail/thumbnail_IMAG10_64dbd565-a463-4cb8-b4bb-131bd082cc44.jpg
131385,목요일,쿠베라,https://shared-comic.pstatic.net/thumb/webtoon/131385/thumbnail/thumbnail_IMAG10_c5053bcc-3b95-473d-bfe1-e4256bf56b58.jpg
710761,목요일,하드캐리,https://shared-comic.pstatic.net/thumb/webtoon/710761/thumbnail/thumbnail_IMAG10_9f8253a1-2318-4c0d-8d9e-f044f2203d4c.jpg
670144,목요일,가담항설,https://shared-comic.pstatic.net/thumb/webtoon/670144/thumbnail/title_thumbnail_20151230192753_t83x90.jpg
739503,목요일,화이트 블러드,https://shared-comic.pstatic.net/thumb/webtoon/739503/thumbnail/thumbnail_IMAG10_33bcc543-6c50-4ca3-b8eb-d6e6d5bcc07d.jpg
727798,목요일,겟백,https://shared-comic.pstatic.net/thumb/webtoon/727798/thumbnail/thumbnail_IMAG10_77a817e9-fbaf-4507-9e19-414b7ee58c30.jpg
741825,목요일,꽃만 키우는데 너무강함,https://shared-comic.pstatic.net/thumb/webtoon/741825/thumbnail/thumbnail_IMAG10_2cb48835-dbbb-429c-b391-91a57775717e.jpg
728619,목요일,병의 기록,https://shared-comic.pstatic.net/thumb/webtoon/728619/thumbnail/thumbnail_IMAG10_fc7ad34d-1662-4e2f-89d0-dd12a8a6fd02.jpg
740487,목요일,신비,https://shared-comic.pstatic.net/thumb/webtoon/740487/thumbnail/thumbnail_IMAG10_14feb943-cfeb-40db-b6e2-b39180340204.jpg
729964,목요일,만물의 영장,https://shared-comic.pstatic.net/thumb/webtoon/729964/thumbnail/thumbnail_IMAG10_0e27a50e-fca4-423e-97e3-6dae0a5d29b9.jpg
729040,목요일,가타부타타,https://shared-comic.pstatic.net/thumb/webtoon/729040/thumbnail/thumbnail_IMAG10_41b89b63-be1c-4b44-80a8-4e5a256804df.jpg
160469,목요일,특수 영능력 수사반,https://shared-comic.pstatic.net/thumb/webtoon/160469/thumbnail/title_thumbnail_20100616174201_t83x90.jpg
729086,목요일,이계 무슨 황비,https://shared-comic.pstatic.net/thumb/webtoon/729086/thumbnail/thumbnail_IMAG10_6dc096fc-1924-49fc-b7ff-8f5d7367bb43.jpg
730389,목요일,어쩔꼰대,https://shared-comic.pstatic.net/thumb/webtoon/730389/thumbnail/thumbnail_IMAG10_5fd9dd09-2118-45d1-924c-2053977543cd.jpg
737835,목요일,아이키우는만화,https://shared-comic.pstatic.net/thumb/webtoon/737835/thumbnail/thumbnail_IMAG10_fb981ccf-345c-464c-9ed0-0ad4d38cca7a.jpg
743270,목요일,집사레인저,https://shared-comic.pstatic.net/thumb/webtoon/743270/thumbnail/thumbnail_IMAG10_dd5f95ab-7a6e-4137-8b5d-08003870a308.jpg
738194,목요일,당신의 과녁,https://shared-comic.pstatic.net/thumb/webtoon/738194/thumbnail/thumbnail_IMAG10_1c31f225-1f88-40f3-925e-928776169bf5.jpg
726842,목요일,무모협지,https://shared-comic.pstatic.net/thumb/webtoon/726842/thumbnail/thumbnail_IMAG10_9a600596-d77d-4ee3-92bf-e0f06f5221cc.jpg
733033,목요일,로그아웃,https://shared-comic.pstatic.net/thumb/webtoon/733033/thumbnail/thumbnail_IMAG10_d7d0a0fb-b5e8-447c-82d5-bb4c0d73e843.jpg
670145,목요일,킬더킹,https://shared-comic.pstatic.net/thumb/webtoon/670145/thumbnail/title_thumbnail_20160105121235_t83x90.jpg
737032,목요일,셧업앤댄스,https://shared-comic.pstatic.net/thumb/webtoon/737032/thumbnail/thumbnail_IMAG10_05ac59d5-7288-4fa5-b931-4cff4f93c35e.jpg
731930,목요일,안개무덤,https://shared-comic.pstatic.net/thumb/webtoon/731930/thumbnail/thumbnail_IMAG10_52f6ef62-3219-4513-8746-714a97b816e8.jpg
721459,목요일,날 가져요,https://shared-comic.pstatic.net/thumb/webtoon/721459/thumbnail/thumbnail_IMAG10_4912f430-a8b6-4685-9f0f-1586d392b469.jpg
742351,목요일,소녀180,https://shared-comic.pstatic.net/thumb/webtoon/742351/thumbnail/thumbnail_IMAG10_3fdceb38-bcc8-419e-b4de-1cc70eb2be71.jpg
715935,목요일,롤랑롤랑,https://shared-comic.pstatic.net/thumb/webtoon/715935/thumbnail/thumbnail_IMAG10_91b8ca2c-f957-419b-9d94-f95b8d93115e.jpg
724482,목요일,미드나잇 체이서,https://shared-comic.pstatic.net/thumb/webtoon/724482/thumbnail/thumbnail_IMAG10_c16cc550-bcc8-4b78-b34a-702874fc8ddb.jpg
733077,목요일,깁스맨,https://shared-comic.pstatic.net/thumb/webtoon/733077/thumbnail/thumbnail_IMAG10_aa30d7f1-b265-4361-807f-bcb867a909bd.jpg
738173,목요일,셈하는 사이,https://shared-comic.pstatic.net/thumb/webtoon/738173/thumbnail/thumbnail_IMAG10_57dd08f2-ea24-4e9c-b2a0-a52954667ecd.jpg
733076,목요일,겟라이프,https://shared-comic.pstatic.net/thumb/webtoon/733076/thumbnail/thumbnail_IMAG10_0e1bb8af-a73e-4c24-a7fa-a4eda726b960.jpg
742048,목요일,갑자기 커피,https://shared-comic.pstatic.net/thumb/webtoon/742048/thumbnail/thumbnail_IMAG10_8124960c-6033-461a-8b0c-a2996b13d976.jpg
739439,목요일,손아귀,https://shared-comic.pstatic.net/thumb/webtoon/739439/thumbnail/thumbnail_IMAG10_72bed238-5641-454f-a370-24960ef0da4e.jpg
738843,목요일,불릿 6미리,https://shared-comic.pstatic.net/thumb/webtoon/738843/thumbnail/thumbnail_IMAG10_efceef81-4fbd-4144-9fc3-ccfb9707be01.jpg
718017,목요일,방 안의 코끼리,https://shared-comic.pstatic.net/thumb/webtoon/718017/thumbnail/thumbnail_IMAG10_ea2f54a0-85ad-4b91-8e09-00004238a592.jpg
732255,목요일,갓도령스,https://shared-comic.pstatic.net/thumb/webtoon/732255/thumbnail/thumbnail_IMAG10_5ec56e18-264e-4347-ad9b-8ac30274ec8a.jpg
736928,목요일,스테어스,https://shared-comic.pstatic.net/thumb/webtoon/736928/thumbnail/thumbnail_IMAG10_172c28a5-142d-4187-9403-e54d1021bb5a.jpg
736274,목요일,밤하늘에 구름운,https://shared-comic.pstatic.net/thumb/webtoon/736274/thumbnail/thumbnail_IMAG10_5dff312b-e5d4-486f-a58c-8f35bd541ac3.jpg
730811,목요일,사소한 냐냐,https://shared-comic.pstatic.net/thumb/webtoon/730811/thumbnail/thumbnail_IMAG10_50d81076-1442-437a-8a04-1b1dab7254c5.jpg
733638,목요일,열등의 조건,https://shared-comic.pstatic.net/thumb/webtoon/733638/thumbnail/thumbnail_IMAG10_67290a2d-62c0-4e47-8170-5d8714281300.jpg
730202,목요일,루시퍼의 경호원,https://shared-comic.pstatic.net/thumb/webtoon/730202/thumbnail/thumbnail_IMAG10_9e1a17a2-d1cf-44a1-84c0-d579d0ea2701.jpg
736875,목요일,네트를 넘어 V,https://shared-comic.pstatic.net/thumb/webtoon/736875/thumbnail/thumbnail_IMAG10_70a7915e-1b71-4306-beac-70b7d614354c.jpg
641253,금요일,외모지상주의,https://shared-comic.pstatic.net/thumb/webtoon/641253/thumbnail/title_thumbnail_20141120112141_t83x90.jpg
318995,금요일,갓 오브 하이스쿨,https://shared-comic.pstatic.net/thumb/webtoon/318995/thumbnail/title_thumbnail_20110407182655_t83x90.jpg
701081,금요일,스위트홈,https://shared-comic.pstatic.net/thumb/webtoon/701081/thumbnail/thumbnail_IMAG10_7120be5e-b5c7-4727-aba5-cb500c6098ab.jpg
727189,금요일,이제 곧 죽습니다,https://shared-comic.pstatic.net/thumb/webtoon/727189/thumbnail/thumbnail_IMAG10_f0245c6f-64d4-4b41-8d46-8ec6cae03175.jpg
552960,금요일,더 게이머,https://shared-comic.pstatic.net/thumb/webtoon/552960/thumbnail/title_thumbnail_20130905153649_t83x90.jpg
670149,금요일,테러맨,https://shared-comic.pstatic.net/thumb/webtoon/670149/thumbnail/thumbnail_IMAG10_e7b9a026-42a9-447c-a5b5-af0c71626e50.jpg
655749,금요일,닥터 프로스트 시즌 3~4,https://shared-comic.pstatic.net/thumb/webtoon/655749/thumbnail/thumbnail_IMAG10_706e422b-6fd5-4a77-a501-cbc1da21bf09.jpg
735661,금요일,재혼 황후,https://shared-comic.pstatic.net/thumb/webtoon/735661/thumbnail/thumbnail_IMAG10_95dbdf89-c88d-40dd-b87c-7ff5b5094646.jpg
725586,금요일,1초,https://shared-comic.pstatic.net/thumb/webtoon/725586/thumbnail/thumbnail_IMAG10_909e55be-2b16-4097-994d-8cf139d01124.jpg
710754,금요일,화장 지워주는 남자,https://shared-comic.pstatic.net/thumb/webtoon/710754/thumbnail/thumbnail_IMAG10_d8e56fd3-303a-47f8-bdb0-8557ddceb5ba.jpg
723790,금요일,금붕어,https://shared-comic.pstatic.net/thumb/webtoon/723790/thumbnail/thumbnail_IMAG10_07e374f2-9383-49d7-8ed3-531a8cb78c58.jpg
729044,금요일,난약,https://shared-comic.pstatic.net/thumb/webtoon/729044/thumbnail/thumbnail_IMAG10_a0539b2a-580e-4eb9-b0da-855141b1a6d2.jpg
708452,금요일,냐한남자,https://shared-comic.pstatic.net/thumb/webtoon/708452/thumbnail/thumbnail_IMAG10_b74bdb0c-5a22-4989-8438-1408db6802dd.jpg
524520,금요일,트럼프,https://shared-comic.pstatic.net/thumb/webtoon/524520/thumbnail/thumbnail_IMAG10_2d94230a-1466-4eae-a829-3d177e8fb7e8.jpg
734040,금요일,현혹,https://shared-comic.pstatic.net/thumb/webtoon/734040/thumbnail/thumbnail_IMAG10_84ddf1e6-9d54-41f6-8dae-53c6c3ea534d.jpg
711422,금요일,삼국지톡,https://shared-comic.pstatic.net/thumb/webtoon/711422/thumbnail/thumbnail_IMAG10_4873773c-d8f0-430e-85d2-995f395b571f.jpg
700844,금요일,걸어서 30분,https://shared-comic.pstatic.net/thumb/webtoon/700844/thumbnail/thumbnail_IMAG10_7511a21d-75f1-4ac8-9d24-df2e89f535b2.jpg
735243,금요일,복학생 정순이,https://shared-comic.pstatic.net/thumb/webtoon/735243/thumbnail/thumbnail_IMAG10_4a933ebd-2895-4c8c-bea9-f57f728c0fd1.jpg
718019,금요일,옆집친구,https://shared-comic.pstatic.net/thumb/webtoon/718019/thumbnail/thumbnail_IMAG10_dd283c57-0f9e-44b3-916a-d1d68a282398.jpg
644112,금요일,몽홀,https://shared-comic.pstatic.net/thumb/webtoon/644112/thumbnail/title_thumbnail_20150105174647_t83x90.jpg
740377,금요일,신상 미스터리 극장,https://shared-comic.pstatic.net/thumb/webtoon/740377/thumbnail/thumbnail_IMAG10_73d4b263-f53a-4c17-9fb5-80e5609ad514.jpg
729571,금요일,소심한 팔레트,https://shared-comic.pstatic.net/thumb/webtoon/729571/thumbnail/thumbnail_IMAG10_6eeb669f-0b24-4692-95a0-f074e0b00bdd.jpg
729963,금요일,가슴털 로망스,https://shared-comic.pstatic.net/thumb/webtoon/729963/thumbnail/thumbnail_IMAG10_43c309d8-19f8-4ad6-8ad4-707208fbaeb0.jpg
709732,금요일,하르모니아,https://shared-comic.pstatic.net/thumb/webtoon/709732/thumbnail/thumbnail_IMAG10_54b1d5d7-0780-4252-9e47-1ce68b3f6e08.jpg
685460,금요일,골든 체인지,https://shared-comic.pstatic.net/thumb/webtoon/685460/thumbnail/thumbnail_IMAG10_6f112c67-b37e-47af-b14d-c25d5d45de4b.jpg
729938,금요일,금혼령-조선혼인금지령,https://shared-comic.pstatic.net/thumb/webtoon/729938/thumbnail/thumbnail_IMAG10_8118bfec-4c96-409e-aa78-9f7a5a30dc14.jpg
730466,금요일,구독금지,https://shared-comic.pstatic.net/thumb/webtoon/730466/thumbnail/thumbnail_IMAG10_9a910bcc-598d-41a6-bba0-739db6ecc322.jpg
729767,금요일,고래별,https://shared-comic.pstatic.net/thumb/webtoon/729767/thumbnail/thumbnail_IMAG10_f435ef6e-c057-42c1-a91d-e1178172334f.jpg
741467,금요일,너의 미소가 함정,https://shared-comic.pstatic.net/thumb/webtoon/741467/thumbnail/thumbnail_IMAG10_0376b901-2e9d-4fba-8260-666fb44d70d0.jpg
737831,금요일,9등급 뒤집기,https://shared-comic.pstatic.net/thumb/webtoon/737831/thumbnail/thumbnail_IMAG10_fb2e2899-8de5-4aec-bd90-94e786635592.jpg
740386,금요일,개미,https://shared-comic.pstatic.net/thumb/webtoon/740386/thumbnail/thumbnail_IMAG10_179009ac-0f93-4ac4-9026-9a93adae31b7.jpg
739350,금요일,나쁜 쪽으로,https://shared-comic.pstatic.net/thumb/webtoon/739350/thumbnail/thumbnail_IMAG10_cc92f13a-56b6-415e-a5d3-37c34bad2bdd.jpg
714834,금요일,자취로운 생활,https://shared-comic.pstatic.net/thumb/webtoon/714834/thumbnail/thumbnail_IMAG10_e8f48301-bbcf-40d2-ac92-9a8e45ee2d5d.jpg
726211,금요일,사우러스,https://shared-comic.pstatic.net/thumb/webtoon/726211/thumbnail/thumbnail_IMAG10_58e89e49-152a-4d08-9ec8-ad571d0c16ea.jpg
732036,금요일,후덜덜덜 남극전자,https://shared-comic.pstatic.net/thumb/webtoon/732036/thumbnail/thumbnail_IMAG10_8b515b33-a333-4be4-9d82-fd23d4337378.jpg
737839,금요일,도롱이,https://shared-comic.pstatic.net/thumb/webtoon/737839/thumbnail/thumbnail_IMAG10_6280a4b8-497e-4fb0-9d9d-37801740a6d7.jpg
727784,금요일,사냥개들,https://shared-comic.pstatic.net/thumb/webtoon/727784/thumbnail/thumbnail_IMAG10_756413bd-f50e-486d-b4d2-43e8675234fb.jpg
724431,금요일,버그,https://shared-comic.pstatic.net/thumb/webtoon/724431/thumbnail/thumbnail_IMAG10_a270bf74-d7b4-40cd-ad7a-8e7a6bf3687a.jpg
742349,금요일,나의 첫번째 새벽,https://shared-comic.pstatic.net/thumb/webtoon/742349/thumbnail/thumbnail_IMAG10_a0ec8aa4-198a-4f55-a6bb-be2638daedcd.jpg
733284,금요일,구원자,https://shared-comic.pstatic.net/thumb/webtoon/733284/thumbnail/thumbnail_IMAG10_b8512bbf-ef32-42d5-8963-d03b6647a250.jpg
729089,금요일,대표님이 구독하셨습니다,https://shared-comic.pstatic.net/thumb/webtoon/729089/thumbnail/thumbnail_IMAG10_3deba8a6-1e01-4ce7-95c7-68b0697180e1.jpg
733395,금요일,꼬맹이를 부탁해!,https://shared-comic.pstatic.net/thumb/webtoon/733395/thumbnail/thumbnail_IMAG10_73a30d8f-d279-45e7-abea-1530dce37b29.jpg
738177,금요일,감히,https://shared-comic.pstatic.net/thumb/webtoon/738177/thumbnail/thumbnail_IMAG10_71e47f95-434e-46d6-9894-16d8e4e67e07.jpg
729036,금요일,합법해적 파르페,https://shared-comic.pstatic.net/thumb/webtoon/729036/thumbnail/thumbnail_IMAG10_7301b5fd-bd90-489c-9663-8f2ce8c71430.jpg
733746,금요일,하루,https://shared-comic.pstatic.net/thumb/webtoon/733746/thumbnail/thumbnail_IMAG10_7922952b-0c4a-4338-806c-fcce86283fbd.jpg
743423,금요일,스윗솔티,https://shared-comic.pstatic.net/thumb/webtoon/743423/thumbnail/thumbnail_IMAG10_f01ffda1-e48c-48c7-a505-a01c0423f7d7.jpg
650305,토요일,호랑이형님,https://shared-comic.pstatic.net/thumb/webtoon/650305/thumbnail/title_thumbnail_20161209212128_t83x90.jpg
651673,토요일,유미의 세포들,https://shared-comic.pstatic.net/thumb/webtoon/651673/thumbnail/thumbnail_IMAG10_659b9446-0940-494a-bb5f-5893290a84d0.jpg
597447,토요일,프리드로우,https://shared-comic.pstatic.net/thumb/webtoon/597447/thumbnail/title_thumbnail_20131102162055_t83x90.jpg
737018,토요일,회춘,https://shared-comic.pstatic.net/thumb/webtoon/737018/thumbnail/thumbnail_IMAG10_8bd8d436-4bb7-4924-b438-cd567766b267.jpg
727188,토요일,취사병 전설이 되다,https://shared-comic.pstatic.net/thumb/webtoon/727188/thumbnail/thumbnail_IMAG10_f01cc201-02c6-4a40-8c1a-e3db0c256876.jpg
703843,토요일,비질란테,https://shared-comic.pstatic.net/thumb/webtoon/703843/thumbnail/thumbnail_IMAG10_c587a99e-c3e7-49a4-985a-88c8d950017f.jpg
721948,토요일,스터디그룹,https://shared-comic.pstatic.net/thumb/webtoon/721948/thumbnail/thumbnail_IMAG10_72bdf971-8699-4e5e-aea9-e22569ad9437.jpg
64997,토요일,나이트런,https://shared-comic.pstatic.net/thumb/webtoon/64997/thumbnail/title_thumbnail_20110515001535_t83x90.jpg
616239,토요일,윌유메리미,https://shared-comic.pstatic.net/thumb/webtoon/616239/thumbnail/title_thumbnail_20161031214436_t83x90.jpg
703630,토요일,어글리후드,https://shared-comic.pstatic.net/thumb/webtoon/703630/thumbnail/thumbnail_IMAG10_f0337ccf-b55e-47d9-bb47-131b396f1bb6.jpg
730694,토요일,초인의 시대,https://shared-comic.pstatic.net/thumb/webtoon/730694/thumbnail/thumbnail_IMAG10_dae8671c-5899-4e4d-a921-299ad188fb14.jpg
728015,토요일,모죠의 일지,https://shared-comic.pstatic.net/thumb/webtoon/728015/thumbnail/thumbnail_IMAG10_97de566e-d2cd-4590-b071-c678a3e85c56.jpg
739292,토요일,두번째 생일,https://shared-comic.pstatic.net/thumb/webtoon/739292/thumbnail/thumbnail_IMAG10_d07c8396-80ec-4f39-903a-8b42b8ca2ce4.jpg
737377,토요일,민간인 통제구역,https://shared-comic.pstatic.net/thumb/webtoon/737377/thumbnail/thumbnail_IMAG10_90d34f91-7e36-4b20-b1d5-591024fffcd9.jpg
715159,토요일,갓핑크,https://shared-comic.pstatic.net/thumb/webtoon/715159/thumbnail/thumbnail_IMAG10_737639f2-e795-46b5-a83d-5fa42ad3e604.jpg
706770,토요일,언데드,https://shared-comic.pstatic.net/thumb/webtoon/706770/thumbnail/thumbnail_IMAG10_da85ffe8-adbd-4d4f-9a23-19933e5b5cce.jpg
724274,토요일,먹이,https://shared-comic.pstatic.net/thumb/webtoon/724274/thumbnail/thumbnail_IMAG10_45cfd4ee-df98-4e36-893f-deda44f0ac87.jpeg
733280,토요일,나를 바꿔줘,https://shared-comic.pstatic.net/thumb/webtoon/733280/thumbnail/thumbnail_IMAG10_f0cdede0-3a63-4d35-a2af-cbc3f2fdc7d6.jpg
732021,토요일,탑코너,https://shared-comic.pstatic.net/thumb/webtoon/732021/thumbnail/thumbnail_IMAG10_991d5df9-da86-4c6d-8a90-185b1424fbd0.jpg
730204,토요일,친애하는 X,https://shared-comic.pstatic.net/thumb/webtoon/730204/thumbnail/thumbnail_IMAG10_5a2771ad-bd0a-438f-8a3d-e193e7c6bbfb.jpg
703839,토요일,홍시는 날 좋아해!,https://shared-comic.pstatic.net/thumb/webtoon/703839/thumbnail/thumbnail_IMAG10_701e4038-8bc6-4d4b-accc-230865d1ca25.jpg
724815,토요일,아홉수 우리들,https://shared-comic.pstatic.net/thumb/webtoon/724815/thumbnail/thumbnail_IMAG10_24d927e3-52e7-41d2-a0f9-6140b563aef9.jpg
729047,토요일,공유몽,https://shared-comic.pstatic.net/thumb/webtoon/729047/thumbnail/thumbnail_IMAG10_1645248f-5bde-4cf3-94fd-25d66921f71f.jpg
739411,토요일,왕세자 입학도,https://shared-comic.pstatic.net/thumb/webtoon/739411/thumbnail/thumbnail_IMAG10_dd1c3b6b-10c2-4778-b089-65903279effb.jpg
725552,토요일,열불 로맨스,https://shared-comic.pstatic.net/thumb/webtoon/725552/thumbnail/thumbnail_IMAG10_22eab67b-6329-4bda-9de9-41edc8d417d2.jpg
739127,토요일,피라미드 게임,https://shared-comic.pstatic.net/thumb/webtoon/739127/thumbnail/thumbnail_IMAG10_0844e94b-9c09-42dd-8e5e-025a7202dde8.jpg
710769,토요일,2인용 인간,https://shared-comic.pstatic.net/thumb/webtoon/710769/thumbnail/thumbnail_IMAG10_dcc06312-0493-4633-9b0a-2f56f6fa3434.jpg
739112,토요일,거미,https://shared-comic.pstatic.net/thumb/webtoon/739112/thumbnail/thumbnail_IMAG10_7658b986-0328-49bc-b97f-4708ab4476c1.jpg
736227,토요일,여고전설,https://shared-comic.pstatic.net/thumb/webtoon/736227/thumbnail/thumbnail_IMAG10_ff121773-85cb-40ad-afa1-8da9aee09e7f.jpg
716776,토요일,고인의 명복,https://shared-comic.pstatic.net/thumb/webtoon/716776/thumbnail/thumbnail_IMAG10_48bcf03f-b21d-4812-9dfd-593c094a89b7.jpg
726467,토요일,틴맘,https://shared-comic.pstatic.net/thumb/webtoon/726467/thumbnail/thumbnail_IMAG10_7868cbbf-bf3f-4e5a-84e5-27ee8f9dca0e.jpg
740482,토요일,11me,https://shared-comic.pstatic.net/thumb/webtoon/740482/thumbnail/thumbnail_IMAG10_ec67ddfd-5b0c-4284-ad16-777a68e13bdc.jpg
729563,토요일,압락사스,https://shared-comic.pstatic.net/thumb/webtoon/729563/thumbnail/thumbnail_IMAG10_122f13c3-8f09-4dc5-a050-ea620fe1790b.jpg
721462,토요일,우주최강대스타,https://shared-comic.pstatic.net/thumb/webtoon/721462/thumbnail/thumbnail_IMAG10_2d2323e0-2d2f-4588-9968-79c216aa8556.jpg
729038,토요일,머리카락을 뽑으면,https://shared-comic.pstatic.net/thumb/webtoon/729038/thumbnail/thumbnail_IMAG10_4b378a3d-9a4b-4088-8e95-8b1e91817864.jpg
732256,토요일,유령극단,https://shared-comic.pstatic.net/thumb/webtoon/732256/thumbnail/thumbnail_IMAG10_fc2420c2-3362-41c2-b7b6-6b00e799a76e.jpg
729003,토요일,두근두근 마감 중,https://shared-comic.pstatic.net/thumb/webtoon/729003/thumbnail/thumbnail_IMAG10_edbe4058-e399-4312-94db-3b4853c00c33.jpg
741894,토요일,꼬리 있는 연애,https://shared-comic.pstatic.net/thumb/webtoon/741894/thumbnail/thumbnail_IMAG10_ff177669-e0d4-43c8-a681-d0254e4a685b.jpg
742782,토요일,함부로 대해줘,https://shared-comic.pstatic.net/thumb/webtoon/742782/thumbnail/thumbnail_IMAG10_fb7d1c0f-0913-46af-8ba3-73601bb53a87.jpg
742826,토요일,토끼대왕,https://shared-comic.pstatic.net/thumb/webtoon/742826/thumbnail/thumbnail_IMAG10_528b9819-ec50-4612-ad84-5f5a78e062c0.jpg
721919,토요일,마음의 숙제,https://shared-comic.pstatic.net/thumb/webtoon/721919/thumbnail/thumbnail_IMAG10_f97748e9-3615-469a-b2a0-a87b7ec17acb.jpg
729084,토요일,천사가 아니야,https://shared-comic.pstatic.net/thumb/webtoon/729084/thumbnail/thumbnail_IMAG10_be9442dd-a917-45c4-9b80-85d147287159.jpg
734011,토요일,법대로 사랑하라,https://shared-comic.pstatic.net/thumb/webtoon/734011/thumbnail/thumbnail_IMAG10_e7f378d7-e6a7-4497-8193-12ea343e88cc.jpg
733277,토요일,도사 가온,https://shared-comic.pstatic.net/thumb/webtoon/733277/thumbnail/thumbnail_IMAG10_5c8212d4-0ab0-4d6c-9eab-4ba7160611ef.jpg
735078,토요일,먹지마세요,https://shared-comic.pstatic.net/thumb/webtoon/735078/thumbnail/thumbnail_IMAG10_2f79c3a5-08fb-4cdc-897e-3c567623fd8c.jpg
740135,토요일,어른의 계절,https://shared-comic.pstatic.net/thumb/webtoon/740135/thumbnail/thumbnail_IMAG10_49bc1138-6218-4755-b951-432dba04a75e.jpg
742888,토요일,누군가의 로섬,https://shared-comic.pstatic.net/thumb/webtoon/742888/thumbnail/thumbnail_IMAG10_79c7cefb-14fb-489e-aa74-abeba1d17294.jpg
736277,일요일,싸움독학,https://shared-comic.pstatic.net/thumb/webtoon/736277/thumbnail/thumbnail_IMAG10_3ff8475e-6085-4188-a359-920a8801b419.jpg
670152,일요일,열렙전사,https://shared-comic.pstatic.net/thumb/webtoon/670152/thumbnail/title_thumbnail_20160122210643_t83x90.jpg
710751,일요일,약한영웅,https://shared-comic.pstatic.net/thumb/webtoon/710751/thumbnail/thumbnail_IMAG10_eed99ea4-5908-4445-b89a-d3881797f909.jpg
655746,일요일,마법스크롤 상인 지오,https://shared-comic.pstatic.net/thumb/webtoon/655746/thumbnail/thumbnail_IMAG10_261e36e7-8e8f-4640-bcf8-31232c5279b4.jpg
729326,일요일,맘마미안,https://shared-comic.pstatic.net/thumb/webtoon/729326/thumbnail/thumbnail_IMAG10_dd46c585-5abf-4ee3-a29d-805976672d58.jpg
557676,일요일,다이스(DICE),https://shared-comic.pstatic.net/thumb/webtoon/557676/thumbnail/thumbnail_IMAG10_e44c2148-c07b-4ccb-b53a-1fee1c6e2122.jpg
624632,일요일,마루한 - 구현동화전,https://shared-comic.pstatic.net/thumb/webtoon/624632/thumbnail/thumbnail_IMAG10_3096708f-69a5-4b54-b148-fa477d86f469.jpg
724854,일요일,돼지우리,https://shared-comic.pstatic.net/thumb/webtoon/724854/thumbnail/thumbnail_IMAG10_828301ec-6d0c-4b1b-83d5-8c12b13575de.jpg
718021,일요일,검은인간,https://shared-comic.pstatic.net/thumb/webtoon/718021/thumbnail/thumbnail_IMAG10_efd74768-b829-488c-a1a1-0984f94c3340.jpg
690503,일요일,도망자,https://shared-comic.pstatic.net/thumb/webtoon/690503/thumbnail/title_thumbnail_20170106153614_t83x90.jpg
22897,일요일,호랭총각,https://shared-comic.pstatic.net/thumb/webtoon/22897/thumbnail/thumbnail_title_22897_83x90.gif
727476,일요일,구름이 피워낸 꽃,https://shared-comic.pstatic.net/thumb/webtoon/727476/thumbnail/thumbnail_IMAG10_abb96926-ad13-4f8c-b041-25e41a8d3012.jpg
695796,일요일,내일,https://shared-comic.pstatic.net/thumb/webtoon/695796/thumbnail/thumbnail_IMAG10_715d2406-1940-48ad-9ca5-fb84693769b6.jpg
730259,일요일,스퍼맨 현자단의 역습,https://shared-comic.pstatic.net/thumb/webtoon/730259/thumbnail/thumbnail_IMAG10_ba8c687c-1848-4515-9926-3ec275a2737f.jpg
721463,일요일,극야,https://shared-comic.pstatic.net/thumb/webtoon/721463/thumbnail/thumbnail_IMAG10_7e952d76-abd9-4fa3-b47a-6d7ff5b3fcc0.jpg
734008,일요일,닭강정,https://shared-comic.pstatic.net/thumb/webtoon/734008/thumbnail/thumbnail_IMAG10_a840874e-34f0-43ab-af1a-79e2e36016f5.jpg
741458,일요일,아르세니아의 마법사,https://shared-comic.pstatic.net/thumb/webtoon/741458/thumbnail/thumbnail_IMAG10_4f4d207d-6c08-4393-8f44-e7e9c1d02618.jpg
733047,일요일,행성인간,https://shared-comic.pstatic.net/thumb/webtoon/733047/thumbnail/thumbnail_IMAG10_eea47446-e3b9-4cce-b291-222f0699e77a.jpg
728900,일요일,인어를 위한 수영교실,https://shared-comic.pstatic.net/thumb/webtoon/728900/thumbnail/thumbnail_IMAG10_45975740-fcec-4d6c-bfd0-1edd28f522f7.jpg
728128,일요일,합격시켜주세용,https://shared-comic.pstatic.net/thumb/webtoon/728128/thumbnail/thumbnail_IMAG10_6349dc0e-4eae-4d78-b5ee-a302dc717677.jpg
729037,일요일,호러전파상,https://shared-comic.pstatic.net/thumb/webtoon/729037/thumbnail/thumbnail_IMAG10_c4b8c3e7-1dc6-4f95-9458-47a5dcdafda7.jpg
733728,일요일,강남도깨비,https://shared-comic.pstatic.net/thumb/webtoon/733728/thumbnail/thumbnail_IMAG10_7a59a85d-9d48-4564-8c78-4c96a0be92d9.jpg
732224,일요일,인싸라이프,https://shared-comic.pstatic.net/thumb/webtoon/732224/thumbnail/thumbnail_IMAG10_798f77b5-4014-428b-be49-5db1894dc0ee.jpg
626906,일요일,패밀리 사이즈,https://shared-comic.pstatic.net/thumb/webtoon/626906/thumbnail/title_thumbnail_20150810235651_t83x90.jpg
732955,일요일,닥터앤닥터 육아일기,https://shared-comic.pstatic.net/thumb/webtoon/732955/thumbnail/thumbnail_IMAG10_404a37ed-7552-41bb-8138-3ea97cc7bb03.jpg
730657,일요일,오로지 너를 이기고 싶어,https://shared-comic.pstatic.net/thumb/webtoon/730657/thumbnail/thumbnail_IMAG10_1328a962-3525-480d-aa4f-8adf15cdc02f.jpg
728751,일요일,괴물신부,https://shared-comic.pstatic.net/thumb/webtoon/728751/thumbnail/thumbnail_IMAG10_ce7def2c-adfe-43b8-b645-8175d929a0a8.jpg
703841,일요일,꽃 피는 날,https://shared-comic.pstatic.net/thumb/webtoon/703841/thumbnail/thumbnail_IMAG10_77191830-5b07-4f52-8cce-58bba0cbf601.jpg
697535,일요일,웅이는 배고파,https://shared-comic.pstatic.net/thumb/webtoon/697535/thumbnail/thumbnail_IMAG10_18d07ed4-3a67-4e36-8406-c7d78f7aa163.jpg
736641,일요일,라일락 200%,https://shared-comic.pstatic.net/thumb/webtoon/736641/thumbnail/thumbnail_IMAG10_61ce8d7b-3788-4e28-a3b3-aad7c4067f1c.jpg
703833,일요일,점핑오버,https://shared-comic.pstatic.net/thumb/webtoon/703833/thumbnail/thumbnail_IMAG10_daa9e35f-9bda-4270-9585-6c158b3d885b.jpg
726454,일요일,무주의 맹시,https://shared-comic.pstatic.net/thumb/webtoon/726454/thumbnail/thumbnail_IMAG10_d763ca6e-5a43-4880-b13c-7631d88fe3f6.jpg
737021,일요일,마도,https://shared-comic.pstatic.net/thumb/webtoon/737021/thumbnail/thumbnail_IMAG10_61b08d34-a16e-416d-8c0f-5620d4314a46.jpg
733768,일요일,오늘도 사랑하세요,https://shared-comic.pstatic.net/thumb/webtoon/733768/thumbnail/thumbnail_IMAG10_5785c9e2-a6f4-46df-a726-8bbbfae17dab.jpg
737628,일요일,별이삼샵,https://shared-comic.pstatic.net/thumb/webtoon/737628/thumbnail/thumbnail_IMAG10_6ba2f3e8-79c3-4935-b1f6-2dfdef058520.jpg
703844,일요일,가비지타임,https://shared-comic.pstatic.net/thumb/webtoon/703844/thumbnail/thumbnail_IMAG10_4943c8a4-b01c-4314-a667-75c6ec43f2e0.jpg
721109,일요일,Here U Are,https://shared-comic.pstatic.net/thumb/webtoon/721109/thumbnail/thumbnail_IMAG10_844cec4a-9b1b-4e38-9c0c-d1ab94059edc.jpg
729883,일요일,위험한 신입사원,https://shared-comic.pstatic.net/thumb/webtoon/729883/thumbnail/thumbnail_IMAG10_b0eeb3fc-b1c7-4b06-93ca-86055021647c.jpg
729043,일요일,타인의 로맨스,https://shared-comic.pstatic.net/thumb/webtoon/729043/thumbnail/thumbnail_IMAG10_b6409289-708b-4358-816a-963a0338f20a.jpg
733274,일요일,만찢남녀,https://shared-comic.pstatic.net/thumb/webtoon/733274/thumbnail/thumbnail_IMAG10_85bb3d59-1598-49db-81de-e9669051b2b0.jpg
703856,일요일,8월의 눈보라,https://shared-comic.pstatic.net/thumb/webtoon/703856/thumbnail/thumbnail_IMAG10_58ed0508-0e00-44ae-a9a2-5f972ac755a0.jpg
738547,일요일,선녀야 야옹해봐!,https://shared-comic.pstatic.net/thumb/webtoon/738547/thumbnail/thumbnail_IMAG10_43cce726-88fe-4f66-841a-501e9e0838a6.jpg
734012,일요일,그녀의 버킷리스트,https://shared-comic.pstatic.net/thumb/webtoon/734012/thumbnail/thumbnail_IMAG10_ca9cfed5-172a-4c42-a382-9a1166d108d2.jpg
723414,일요일,속삭이는 e로맨스,https://shared-comic.pstatic.net/thumb/webtoon/723414/thumbnail/thumbnail_IMAG10_9085b8b9-d7ac-4cee-be86-b104cd2fa72e.jpg
730258,일요일,갓!김치,https://shared-comic.pstatic.net/thumb/webtoon/730258/thumbnail/thumbnail_IMAG10_cbc6909e-351d-4bdf-89c8-48ae1d15a58e.jpg
713055,일요일,호곡,https://shared-comic.pstatic.net/thumb/webtoon/713055/thumbnail/thumbnail_IMAG10_3d9f8073-002d-4634-98ca-444c97d0a540.jpg
