11me,740482,https://shared-comic.pstatic.net/thumb/webtoon/740482/thumbnail/thumbnail_IMAG10_ec67ddfd-5b0c-4284-ad16-777a68e13bdc.jpg,sat
1초,725586,https://shared-comic.pstatic.net/thumb/webtoon/725586/thumbnail/thumbnail_IMAG10_909e55be-2b16-4097-994d-8cf139d01124.jpg,fri
203호 저승사자,670140,https://shared-comic.pstatic.net/thumb/webtoon/670140/thumbnail/thumbnail_IMAG10_9f5deabc-dc5b-4401-8548-35d98126bb14.jpg,wed
2인용 인간,710769,https://shared-comic.pstatic.net/thumb/webtoon/710769/thumbnail/thumbnail_IMAG10_dcc06312-0493-4633-9b0a-2f56f6fa3434.jpg,sat
3cm 헌터,733458,https://shared-comic.pstatic.net/thumb/webtoon/733458/thumbnail/thumbnail_IMAG10_28672aca-7303-4e2a-8ad3-b14f6c449455.jpg,tue
8월의 눈보라,703856,https://shared-comic.pstatic.net/thumb/webtoon/703856/thumbnail/thumbnail_IMAG10_58ed0508-0e00-44ae-a9a2-5f972ac755a0.jpg,sun
9등급 뒤집기,737831,https://shared-comic.pstatic.net/thumb/webtoon/737831/thumbnail/thumbnail_IMAG10_fb2e2899-8de5-4aec-bd90-94e786635592.jpg,fri
FM보이,737009,https://shared-comic.pstatic.net/thumb/webtoon/737009/thumbnail/thumbnail_IMAG10_5acfee44-2f74-479d-b178-12749ef8df0d.jpg,wed
Here U Are,721109,https://shared-comic.pstatic.net/thumb/webtoon/721109/thumbnail/thumbnail_IMAG10_844cec4a-9b1b-4e38-9c0c-d1ab94059edc.jpg,sun
가담항설,670144,https://shared-comic.pstatic.net/thumb/webtoon/670144/thumbnail/title_thumbnail_20151230192753_t83x90.jpg,thu
가슴털 로망스,729963,https://shared-comic.pstatic.net/thumb/webtoon/729963/thumbnail/thumbnail_IMAG10_43c309d8-19f8-4ad6-8ad4-707208fbaeb0.jpg,fri
가타부타타,729040,https://shared-comic.pstatic.net/thumb/webtoon/729040/thumbnail/thumbnail_IMAG10_41b89b63-be1c-4b44-80a8-4e5a256804df.jpg,thu
간 떨어지는 동거,699415,https://shared-comic.pstatic.net/thumb/webtoon/699415/thumbnail/thumbnail_IMAG10_64dbd565-a463-4cb8-b4bb-131bd082cc44.jpg,thu
감히,738177,https://shared-comic.pstatic.net/thumb/webtoon/738177/thumbnail/thumbnail_IMAG10_71e47f95-434e-46d6-9894-16d8e4e67e07.jpg,fri
갑자기 커피,742048,https://shared-comic.pstatic.net/thumb/webtoon/742048/thumbnail/thumbnail_IMAG10_8124960c-6033-461a-8b0c-a2996b13d976.jpg,thu
갓 오브 하이스쿨,318995,https://shared-comic.pstatic.net/thumb/webtoon/318995/thumbnail/title_thumbnail_20110407182655_t83x90.jpg,fri
갓!김치,730258,https://shared-comic.pstatic.net/thumb/webtoon/730258/thumbnail/thumbnail_IMAG10_cbc6909e-351d-4bdf-89c8-48ae1d15a58e.jpg,sun
갓도령스,732255,https://shared-comic.pstatic.net/thumb/webtoon/732255/thumbnail/thumbnail_IMAG10_5ec56e18-264e-4347-ad9b-8ac30274ec8a.jpg,thu
갓물주,731297,https://shared-comic.pstatic.net/thumb/webtoon/731297/thumbnail/thumbnail_IMAG10_df561e4d-07f3-4a43-8098-2449b5f35918.jpg,wed
갓핑크,715159,https://shared-comic.pstatic.net/thumb/webtoon/715159/thumbnail/thumbnail_IMAG10_737639f2-e795-46b5-a83d-5fa42ad3e604.jpg,sat
강남도깨비,733728,https://shared-comic.pstatic.net/thumb/webtoon/733728/thumbnail/thumbnail_IMAG10_7a59a85d-9d48-4564-8c78-4c96a0be92d9.jpg,sun
같은도장,725830,https://shared-comic.pstatic.net/thumb/webtoon/725830/thumbnail/thumbnail_IMAG10_f8a6b2ea-7e99-410f-8b72-f1b1e4b289cb.jpg,mon
개미,740386,https://shared-comic.pstatic.net/thumb/webtoon/740386/thumbnail/thumbnail_IMAG10_179009ac-0f93-4ac4-9026-9a93adae31b7.jpg,fri
거미,739112,https://shared-comic.pstatic.net/thumb/webtoon/739112/thumbnail/thumbnail_IMAG10_7658b986-0328-49bc-b97f-4708ab4476c1.jpg,sat
걸어서 30분,700844,https://shared-comic.pstatic.net/thumb/webtoon/700844/thumbnail/thumbnail_IMAG10_7511a21d-75f1-4ac8-9d24-df2e89f535b2.jpg,fri
검은인간,718021,https://shared-comic.pstatic.net/thumb/webtoon/718021/thumbnail/thumbnail_IMAG10_efd74768-b829-488c-a1a1-0984f94c3340.jpg,sun
겟라이프,733076,https://shared-comic.pstatic.net/thumb/webtoon/733076/thumbnail/thumbnail_IMAG10_0e1bb8af-a73e-4c24-a7fa-a4eda726b960.jpg,thu
겟백,727798,https://shared-comic.pstatic.net/thumb/webtoon/727798/thumbnail/thumbnail_IMAG10_77a817e9-fbaf-4507-9e19-414b7ee58c30.jpg,thu
격기3반,701535,https://shared-comic.pstatic.net/thumb/webtoon/701535/thumbnail/thumbnail_IMAG10_4d4befe4-475f-4c02-be9b-085d0a9ece77.jpg,wed
견우와 선녀,740034,https://shared-comic.pstatic.net/thumb/webtoon/740034/thumbnail/thumbnail_IMAG10_441329f7-c6b4-48ff-bbc6-025e0d303865.jpg,tue
결혼생활 그림일기,741891,https://shared-comic.pstatic.net/thumb/webtoon/741891/thumbnail/thumbnail_IMAG10_82d3cfa4-988c-4cbb-8158-17c1b522b59d.png,mon
고래별,729767,https://shared-comic.pstatic.net/thumb/webtoon/729767/thumbnail/thumbnail_IMAG10_f435ef6e-c057-42c1-a91d-e1178172334f.jpg,fri
고삼무쌍,728126,https://shared-comic.pstatic.net/thumb/webtoon/728126/thumbnail/thumbnail_IMAG10_0ee45437-dc90-4fe4-8305-dc962f74b861.jpg,wed
고수,662774,https://shared-comic.pstatic.net/thumb/webtoon/662774/thumbnail/thumbnail_IMAG10_fddc4c8b-fbe6-422c-9777-590d98f4dc9e.jpg,wed
고인의 명복,716776,https://shared-comic.pstatic.net/thumb/webtoon/716776/thumbnail/thumbnail_IMAG10_48bcf03f-b21d-4812-9dfd-593c094a89b7.jpg,sat
골든 체인지,685460,https://shared-comic.pstatic.net/thumb/webtoon/685460/thumbnail/thumbnail_IMAG10_6f112c67-b37e-47af-b14d-c25d5d45de4b.jpg,fri
공유몽,729047,https://shared-comic.pstatic.net/thumb/webtoon/729047/thumbnail/thumbnail_IMAG10_1645248f-5bde-4cf3-94fd-25d66921f71f.jpg,sat
괴물신부,728751,https://shared-comic.pstatic.net/thumb/webtoon/728751/thumbnail/thumbnail_IMAG10_ce7def2c-adfe-43b8-b645-8175d929a0a8.jpg,sun
교환일기,727826,https://shared-comic.pstatic.net/thumb/webtoon/727826/thumbnail/thumbnail_IMAG10_aea0b8ed-0675-437a-8bf6-04001ad77f99.jpg,mon
구독금지,730466,https://shared-comic.pstatic.net/thumb/webtoon/730466/thumbnail/thumbnail_IMAG10_9a910bcc-598d-41a6-bba0-739db6ecc322.jpg,fri
구름이 피워낸 꽃,727476,https://shared-comic.pstatic.net/thumb/webtoon/727476/thumbnail/thumbnail_IMAG10_abb96926-ad13-4f8c-b041-25e41a8d3012.jpg,sun
구원자,733284,https://shared-comic.pstatic.net/thumb/webtoon/733284/thumbnail/thumbnail_IMAG10_b8512bbf-ef32-42d5-8963-d03b6647a250.jpg,fri
귀곡의 문,718020,https://shared-comic.pstatic.net/thumb/webtoon/718020/thumbnail/thumbnail_IMAG10_7c551d69-62f1-4869-b365-88f38a70553f.jpg,wed
귀신이지만 사랑하고 싶어,735982,https://shared-comic.pstatic.net/thumb/webtoon/735982/thumbnail/thumbnail_IMAG10_a5f67adf-db54-46c1-a59f-5d026a13589b.jpg,wed
귀전구담,694946,https://shared-comic.pstatic.net/thumb/webtoon/694946/thumbnail/thumbnail_IMAG10_c5e84842-ae12-4497-899a-c7289b4ede49.jpg,mon
그 판타지 세계에서 사는 법,316909,https://shared-comic.pstatic.net/thumb/webtoon/316909/thumbnail/thumbnail_IMAG10_da706b81-7dc2-456f-a047-0a67c0c48ab7.jpg,wed
그날 죽은 나는,731019,https://shared-comic.pstatic.net/thumb/webtoon/731019/thumbnail/thumbnail_IMAG10_8d244a54-e464-4e86-b1e5-6fe4c6874d6b.jpg,tue
그녀의 버킷리스트,734012,https://shared-comic.pstatic.net/thumb/webtoon/734012/thumbnail/thumbnail_IMAG10_ca9cfed5-172a-4c42-a382-9a1166d108d2.jpg,sun
그놈은 흑염룡,733080,https://shared-comic.pstatic.net/thumb/webtoon/733080/thumbnail/thumbnail_IMAG10_989e4c91-a2eb-4369-a058-bce2f1ecbdea.jpg,tue
그래서 나는 안티팬과 결혼했다,721457,https://shared-comic.pstatic.net/thumb/webtoon/721457/thumbnail/thumbnail_IMAG10_be10395c-8073-4472-8ecf-90924a96d23e.jpg,wed
극야,721463,https://shared-comic.pstatic.net/thumb/webtoon/721463/thumbnail/thumbnail_IMAG10_7e952d76-abd9-4fa3-b47a-6d7ff5b3fcc0.jpg,sun
금붕어,723790,https://shared-comic.pstatic.net/thumb/webtoon/723790/thumbnail/thumbnail_IMAG10_07e374f2-9383-49d7-8ed3-531a8cb78c58.jpg,fri
금혼령-조선혼인금지령,729938,https://shared-comic.pstatic.net/thumb/webtoon/729938/thumbnail/thumbnail_IMAG10_8118bfec-4c96-409e-aa78-9f7a5a30dc14.jpg,fri
기억흔적,739113,https://shared-comic.pstatic.net/thumb/webtoon/739113/thumbnail/thumbnail_IMAG10_8246c082-47aa-4a6b-bfac-2904c537409c.jpg,wed
깁스맨,733077,https://shared-comic.pstatic.net/thumb/webtoon/733077/thumbnail/thumbnail_IMAG10_aa30d7f1-b265-4361-807f-bcb867a909bd.jpg,thu
꼬리 있는 연애,741894,https://shared-comic.pstatic.net/thumb/webtoon/741894/thumbnail/thumbnail_IMAG10_ff177669-e0d4-43c8-a681-d0254e4a685b.jpg,sat
꼬맹이를 부탁해!,733395,https://shared-comic.pstatic.net/thumb/webtoon/733395/thumbnail/thumbnail_IMAG10_73a30d8f-d279-45e7-abea-1530dce37b29.jpg,fri
꽃 피는 날,703841,https://shared-comic.pstatic.net/thumb/webtoon/703841/thumbnail/thumbnail_IMAG10_77191830-5b07-4f52-8cce-58bba0cbf601.jpg,sun
꽃만 키우는데 너무강함,741825,https://shared-comic.pstatic.net/thumb/webtoon/741825/thumbnail/thumbnail_IMAG10_2cb48835-dbbb-429c-b391-91a57775717e.jpg,thu
꿈의 기업,687915,https://shared-comic.pstatic.net/thumb/webtoon/687915/thumbnail/thumbnail_IMAG10_e03acc4a-a1ce-4ebc-a021-e3cc07af5f20.jpg,mon
나를 바꿔줘,733280,https://shared-comic.pstatic.net/thumb/webtoon/733280/thumbnail/thumbnail_IMAG10_f0cdede0-3a63-4d35-a2af-cbc3f2fdc7d6.jpg,sat
나쁜 쪽으로,739350,https://shared-comic.pstatic.net/thumb/webtoon/739350/thumbnail/thumbnail_IMAG10_cc92f13a-56b6-415e-a5d3-37c34bad2bdd.jpg,fri
나의 우주,731939,https://shared-comic.pstatic.net/thumb/webtoon/731939/thumbnail/thumbnail_IMAG10_a3d0d491-aa09-49d2-a852-681a889b742a.jpg,wed
나의 첫번째 새벽,742349,https://shared-comic.pstatic.net/thumb/webtoon/742349/thumbnail/thumbnail_IMAG10_a0ec8aa4-198a-4f55-a6bb-be2638daedcd.jpg,fri
나이트런,64997,https://shared-comic.pstatic.net/thumb/webtoon/64997/thumbnail/title_thumbnail_20110515001535_t83x90.jpg,sat
난약,729044,https://shared-comic.pstatic.net/thumb/webtoon/729044/thumbnail/thumbnail_IMAG10_a0539b2a-580e-4eb9-b0da-855141b1a6d2.jpg,fri
날 가져요,721459,https://shared-comic.pstatic.net/thumb/webtoon/721459/thumbnail/thumbnail_IMAG10_4912f430-a8b6-4685-9f0f-1586d392b469.jpg,thu
내일,695796,https://shared-comic.pstatic.net/thumb/webtoon/695796/thumbnail/thumbnail_IMAG10_715d2406-1940-48ad-9ca5-fb84693769b6.jpg,sun
냐한남자,708452,https://shared-comic.pstatic.net/thumb/webtoon/708452/thumbnail/thumbnail_IMAG10_b74bdb0c-5a22-4989-8438-1408db6802dd.jpg,fri
너에게만 보이는,733006,https://shared-comic.pstatic.net/thumb/webtoon/733006/thumbnail/thumbnail_IMAG10_7e67fce0-1dbb-432f-af0a-dd4645221e46.jpg,tue
너의 미소가 함정,741467,https://shared-comic.pstatic.net/thumb/webtoon/741467/thumbnail/thumbnail_IMAG10_0376b901-2e9d-4fba-8260-666fb44d70d0.jpg,fri
네트를 넘어 V,736875,https://shared-comic.pstatic.net/thumb/webtoon/736875/thumbnail/thumbnail_IMAG10_70a7915e-1b71-4306-beac-70b7d614354c.jpg,thu
노력의 결과,742889,https://shared-comic.pstatic.net/thumb/webtoon/742889/thumbnail/thumbnail_IMAG10_64fe4fd8-c19c-48a7-a4d0-b816637824e0.jpg,mon
누군가의 로섬,742888,https://shared-comic.pstatic.net/thumb/webtoon/742888/thumbnail/thumbnail_IMAG10_79c7cefb-14fb-489e-aa74-abeba1d17294.jpg,sat
니편내편,702422,https://shared-comic.pstatic.net/thumb/webtoon/702422/thumbnail/thumbnail_IMAG10_8a7d3a98-291e-4fec-b399-7b8219c90854.jpg,mon
다이스(DICE),557676,https://shared-comic.pstatic.net/thumb/webtoon/557676/thumbnail/thumbnail_IMAG10_e44c2148-c07b-4ccb-b53a-1fee1c6e2122.jpg,sun
닥터 프로스트 시즌 3~4,655749,https://shared-comic.pstatic.net/thumb/webtoon/655749/thumbnail/thumbnail_IMAG10_706e422b-6fd5-4a77-a501-cbc1da21bf09.jpg,fri
닥터 하운드,700858,https://shared-comic.pstatic.net/thumb/webtoon/700858/thumbnail/thumbnail_IMAG10_e8994ad1-3f8a-4003-a1e5-3f48087cebad.jpg,mon
닥터앤닥터 육아일기,732955,https://shared-comic.pstatic.net/thumb/webtoon/732955/thumbnail/thumbnail_IMAG10_404a37ed-7552-41bb-8138-3ea97cc7bb03.jpg,wed/sun
닭강정,734008,https://shared-comic.pstatic.net/thumb/webtoon/734008/thumbnail/thumbnail_IMAG10_a840874e-34f0-43ab-af1a-79e2e36016f5.jpg,sun
당신의 과녁,738194,https://shared-comic.pstatic.net/thumb/webtoon/738194/thumbnail/thumbnail_IMAG10_1c31f225-1f88-40f3-925e-928776169bf5.jpg,thu
당신의 향수,741150,https://shared-comic.pstatic.net/thumb/webtoon/741150/thumbnail/thumbnail_IMAG10_76ed0838-0617-4f9e-8d95-184e7326a5e2.jpg,wed
대표님이 구독하셨습니다,729089,https://shared-comic.pstatic.net/thumb/webtoon/729089/thumbnail/thumbnail_IMAG10_3deba8a6-1e01-4ce7-95c7-68b0697180e1.jpg,fri
더 게이머,552960,https://shared-comic.pstatic.net/thumb/webtoon/552960/thumbnail/title_thumbnail_20130905153649_t83x90.jpg,fri
더 복서,736989,https://shared-comic.pstatic.net/thumb/webtoon/736989/thumbnail/thumbnail_IMAG10_dc639e95-a787-49bd-9bb6-b835909a764d.jpg,thu
도롱이,737839,https://shared-comic.pstatic.net/thumb/webtoon/737839/thumbnail/thumbnail_IMAG10_6280a4b8-497e-4fb0-9d9d-37801740a6d7.jpg,fri
도망자,690503,https://shared-comic.pstatic.net/thumb/webtoon/690503/thumbnail/title_thumbnail_20170106153614_t83x90.jpg,sun
도사 가온,733277,https://shared-comic.pstatic.net/thumb/webtoon/733277/thumbnail/thumbnail_IMAG10_5c8212d4-0ab0-4d6c-9eab-4ba7160611ef.jpg,sat
도전 K-스타트업,740423,https://shared-comic.pstatic.net/thumb/webtoon/740423/thumbnail/thumbnail_IMAG10_6a912298-42e9-4b55-b81f-6bded3078ebb.png,wed
도플갱어의 게임,728007,https://shared-comic.pstatic.net/thumb/webtoon/728007/thumbnail/thumbnail_IMAG10_7b76bee2-0640-4717-a88d-b9db1b14925c.jpg,mon
돼지우리,724854,https://shared-comic.pstatic.net/thumb/webtoon/724854/thumbnail/thumbnail_IMAG10_828301ec-6d0c-4b1b-83d5-8c12b13575de.jpg,sun
두근두근 마감 중,729003,https://shared-comic.pstatic.net/thumb/webtoon/729003/thumbnail/thumbnail_IMAG10_edbe4058-e399-4312-94db-3b4853c00c33.jpg,sat
두번째 생일,739292,https://shared-comic.pstatic.net/thumb/webtoon/739292/thumbnail/thumbnail_IMAG10_d07c8396-80ec-4f39-903a-8b42b8ca2ce4.jpg,sat
땅 보고 걷는 아이,725831,https://shared-comic.pstatic.net/thumb/webtoon/725831/thumbnail/thumbnail_IMAG10_3017dea9-5240-477c-9550-46b8766f2966.jpg,tue
라일락 200%,736641,https://shared-comic.pstatic.net/thumb/webtoon/736641/thumbnail/thumbnail_IMAG10_61ce8d7b-3788-4e28-a3b3-aad7c4067f1c.jpg,sun
랜덤채팅의 그녀!,702608,https://shared-comic.pstatic.net/thumb/webtoon/702608/thumbnail/thumbnail_IMAG10_85425026-fd1c-4a8a-8d58-e257bbf892c0.jpg,tue
럭키언럭키,736281,https://shared-comic.pstatic.net/thumb/webtoon/736281/thumbnail/thumbnail_IMAG10_28a4ac1b-dbd9-4cf2-a284-f4cd9c029c97.jpg,wed
레사 시즌2~3,603159,https://shared-comic.pstatic.net/thumb/webtoon/603159/thumbnail/thumbnail_IMAG10_9c8174b9-022f-466f-acd5-1274aecee71c.jpg,wed
로그아웃,733033,https://shared-comic.pstatic.net/thumb/webtoon/733033/thumbnail/thumbnail_IMAG10_d7d0a0fb-b5e8-447c-82d5-bb4c0d73e843.jpg,thu
롤랑롤랑,715935,https://shared-comic.pstatic.net/thumb/webtoon/715935/thumbnail/thumbnail_IMAG10_91b8ca2c-f957-419b-9d94-f95b8d93115e.jpg,thu
루시퍼의 경호원,730202,https://shared-comic.pstatic.net/thumb/webtoon/730202/thumbnail/thumbnail_IMAG10_9e1a17a2-d1cf-44a1-84c0-d579d0ea2701.jpg,thu
링크보이,714185,https://shared-comic.pstatic.net/thumb/webtoon/714185/thumbnail/thumbnail_IMAG10_b09f7c2d-7083-467b-95bc-4dace9c21b6f.jpg,mon
마도,737021,https://shared-comic.pstatic.net/thumb/webtoon/737021/thumbnail/thumbnail_IMAG10_61b08d34-a16e-416d-8c0f-5620d4314a46.jpg,sun
마루한 - 구현동화전,624632,https://shared-comic.pstatic.net/thumb/webtoon/624632/thumbnail/thumbnail_IMAG10_3096708f-69a5-4b54-b148-fa477d86f469.jpg,sun
마법스크롤 상인 지오,655746,https://shared-comic.pstatic.net/thumb/webtoon/655746/thumbnail/thumbnail_IMAG10_261e36e7-8e8f-4640-bcf8-31232c5279b4.jpg,sun
마음의 숙제,721919,https://shared-comic.pstatic.net/thumb/webtoon/721919/thumbnail/thumbnail_IMAG10_f97748e9-3615-469a-b2a0-a87b7ec17acb.jpg,sat
마음의소리,20853,https://shared-comic.pstatic.net/thumb/webtoon/20853/thumbnail/thumbnail_IMAG10_545c2365-1d18-4cd3-afd9-27b161a4c664.jpg,tue
만물의 영장,729964,https://shared-comic.pstatic.net/thumb/webtoon/729964/thumbnail/thumbnail_IMAG10_0e27a50e-fca4-423e-97e3-6dae0a5d29b9.jpg,thu
만찢남녀,733274,https://shared-comic.pstatic.net/thumb/webtoon/733274/thumbnail/thumbnail_IMAG10_85bb3d59-1598-49db-81de-e9669051b2b0.jpg,sun
맘마미안,729326,https://shared-comic.pstatic.net/thumb/webtoon/729326/thumbnail/thumbnail_IMAG10_dd46c585-5abf-4ee3-a29d-805976672d58.jpg,sun
머리카락을 뽑으면,729038,https://shared-comic.pstatic.net/thumb/webtoon/729038/thumbnail/thumbnail_IMAG10_4b378a3d-9a4b-4088-8e95-8b1e91817864.jpg,sat
먹이,724274,https://shared-comic.pstatic.net/thumb/webtoon/724274/thumbnail/thumbnail_IMAG10_45cfd4ee-df98-4e36-893f-deda44f0ac87.jpeg,sat
먹지마세요,735078,https://shared-comic.pstatic.net/thumb/webtoon/735078/thumbnail/thumbnail_IMAG10_2f79c3a5-08fb-4cdc-897e-3c567623fd8c.jpg,sat
모락모락 왕세자님,734918,https://shared-comic.pstatic.net/thumb/webtoon/734918/thumbnail/thumbnail_IMAG10_51e39eb5-b969-420b-af95-3befa05e4be4.jpg,mon
모죠의 일지,728015,https://shared-comic.pstatic.net/thumb/webtoon/728015/thumbnail/thumbnail_IMAG10_97de566e-d2cd-4590-b071-c678a3e85c56.jpg,wed/sat
몽홀,644112,https://shared-comic.pstatic.net/thumb/webtoon/644112/thumbnail/title_thumbnail_20150105174647_t83x90.jpg,fri
무모협지,726842,https://shared-comic.pstatic.net/thumb/webtoon/726842/thumbnail/thumbnail_IMAG10_9a600596-d77d-4ee3-92bf-e0f06f5221cc.jpg,thu
무주의 맹시,726454,https://shared-comic.pstatic.net/thumb/webtoon/726454/thumbnail/thumbnail_IMAG10_d763ca6e-5a43-4880-b13c-7631d88fe3f6.jpg,sun
문래빗,710758,https://shared-comic.pstatic.net/thumb/webtoon/710758/thumbnail/thumbnail_IMAG10_92008068-e8b4-448d-951d-490cbb09db42.jpg,tue
물레,737020,https://shared-comic.pstatic.net/thumb/webtoon/737020/thumbnail/thumbnail_IMAG10_8a690840-7ddc-47a5-b2d1-904532f0bb73.jpg,mon
미드나잇 체이서,724482,https://shared-comic.pstatic.net/thumb/webtoon/724482/thumbnail/thumbnail_IMAG10_c16cc550-bcc8-4b78-b34a-702874fc8ddb.jpg,thu
미래의 골동품 가게,742105,https://shared-comic.pstatic.net/thumb/webtoon/742105/thumbnail/thumbnail_IMAG10_1c174d09-90a4-4248-8dc1-d746892b62f3.jpg,wed
민간인 통제구역,737377,https://shared-comic.pstatic.net/thumb/webtoon/737377/thumbnail/thumbnail_IMAG10_90d34f91-7e36-4b20-b1d5-591024fffcd9.jpg,sat
밀웜,734041,https://shared-comic.pstatic.net/thumb/webtoon/734041/thumbnail/thumbnail_IMAG10_bfcc5e6d-45a2-4273-8890-5e3c77568674.jpg,wed
바른연애 길잡이,703852,https://shared-comic.pstatic.net/thumb/webtoon/703852/thumbnail/thumbnail_IMAG10_7a7e52e5-f211-485d-a5ba-4f6f3f8acdc6.jpg,tue
밤하늘에 구름운,736274,https://shared-comic.pstatic.net/thumb/webtoon/736274/thumbnail/thumbnail_IMAG10_5dff312b-e5d4-486f-a58c-8f35bd541ac3.jpg,thu
방 안의 코끼리,718017,https://shared-comic.pstatic.net/thumb/webtoon/718017/thumbnail/thumbnail_IMAG10_ea2f54a0-85ad-4b91-8e09-00004238a592.jpg,thu
방탈출,733034,https://shared-comic.pstatic.net/thumb/webtoon/733034/thumbnail/thumbnail_IMAG10_6658a635-2976-42fe-bc43-647ca74d5eed.jpg,wed
백수세끼,733074,https://shared-comic.pstatic.net/thumb/webtoon/733074/thumbnail/thumbnail_IMAG10_0741d1f6-2bae-474b-87ae-6f1a69988808.jpg,mon
뱀파이어의 꽃,721455,https://shared-comic.pstatic.net/thumb/webtoon/721455/thumbnail/thumbnail_IMAG10_696501d1-5759-4a81-ae34-0a093d768c7b.jpg,mon
버그,724431,https://shared-comic.pstatic.net/thumb/webtoon/724431/thumbnail/thumbnail_IMAG10_a270bf74-d7b4-40cd-ad7a-8e7a6bf3687a.jpg,fri
법대로 사랑하라,734011,https://shared-comic.pstatic.net/thumb/webtoon/734011/thumbnail/thumbnail_IMAG10_e7f378d7-e6a7-4497-8193-12ea343e88cc.jpg,sat
별이삼샵,737628,https://shared-comic.pstatic.net/thumb/webtoon/737628/thumbnail/thumbnail_IMAG10_6ba2f3e8-79c3-4935-b1f6-2dfdef058520.jpg,sun
별종,738144,https://shared-comic.pstatic.net/thumb/webtoon/738144/thumbnail/thumbnail_IMAG10_8b6de2cc-49c4-456c-a786-9dd895f20253.jpg,tue
병의 기록,728619,https://shared-comic.pstatic.net/thumb/webtoon/728619/thumbnail/thumbnail_IMAG10_fc7ad34d-1662-4e2f-89d0-dd12a8a6fd02.jpg,thu
복학생 정순이,735243,https://shared-comic.pstatic.net/thumb/webtoon/735243/thumbnail/thumbnail_IMAG10_4a933ebd-2895-4c8c-bea9-f57f728c0fd1.jpg,fri
복학왕,626907,https://shared-comic.pstatic.net/thumb/webtoon/626907/thumbnail/title_thumbnail_20150407141027_t83x90.jpg,wed
불릿 6미리,738843,https://shared-comic.pstatic.net/thumb/webtoon/738843/thumbnail/thumbnail_IMAG10_efceef81-4fbd-4144-9fc3-ccfb9707be01.jpg,thu
블랙엔젤,720810,https://shared-comic.pstatic.net/thumb/webtoon/720810/thumbnail/thumbnail_IMAG10_39ffa39d-c7e6-4edc-a589-30972dbf2097.jpg,tue
블루투스,737378,https://shared-comic.pstatic.net/thumb/webtoon/737378/thumbnail/thumbnail_IMAG10_3f8ceec4-fa5a-413c-b081-21348ae50fb1.jpg,mon
비질란테,703843,https://shared-comic.pstatic.net/thumb/webtoon/703843/thumbnail/thumbnail_IMAG10_c587a99e-c3e7-49a4-985a-88c8d950017f.jpg,sat
빙탕후루,695321,https://shared-comic.pstatic.net/thumb/webtoon/695321/thumbnail/thumbnail_IMAG10_ed636544-e826-4b9b-96f2-fce37c9f8e54.jpg,tue
사냥개들,727784,https://shared-comic.pstatic.net/thumb/webtoon/727784/thumbnail/thumbnail_IMAG10_756413bd-f50e-486d-b4d2-43e8675234fb.jpg,fri
사소한 냐냐,730811,https://shared-comic.pstatic.net/thumb/webtoon/730811/thumbnail/thumbnail_IMAG10_50d81076-1442-437a-8a04-1b1dab7254c5.jpg,thu/mon
사신소년,730656,https://shared-comic.pstatic.net/thumb/webtoon/730656/thumbnail/thumbnail_IMAG10_b324ec4f-f869-4b55-b2fb-63306bef3a41.jpg,tue
사우러스,726211,https://shared-comic.pstatic.net/thumb/webtoon/726211/thumbnail/thumbnail_IMAG10_58e89e49-152a-4d08-9ec8-ad571d0c16ea.jpg,fri
사이드킥 2~3,642653,https://shared-comic.pstatic.net/thumb/webtoon/642653/thumbnail/thumbnail_IMAG10_7a019732-5db6-4c88-85fb-a65e69748797.jpg,tue
삶이 우리를 속일지라도,726212,https://shared-comic.pstatic.net/thumb/webtoon/726212/thumbnail/thumbnail_IMAG10_04f8b297-1e05-4924-ae3f-b95859949126.jpg,mon
삼국지톡,711422,https://shared-comic.pstatic.net/thumb/webtoon/711422/thumbnail/thumbnail_IMAG10_4873773c-d8f0-430e-85d2-995f395b571f.jpg,fri/tue
선녀야 야옹해봐!,738547,https://shared-comic.pstatic.net/thumb/webtoon/738547/thumbnail/thumbnail_IMAG10_43cce726-88fe-4f66-841a-501e9e0838a6.jpg,sun
세상은 돈과 권력,710747,https://shared-comic.pstatic.net/thumb/webtoon/710747/thumbnail/thumbnail_IMAG10_b1079a8d-2d5e-49df-8f30-05b3e215170b.jpg,wed
셈하는 사이,738173,https://shared-comic.pstatic.net/thumb/webtoon/738173/thumbnail/thumbnail_IMAG10_57dd08f2-ea24-4e9c-b2a0-a52954667ecd.jpg,thu
셧업앤댄스,737032,https://shared-comic.pstatic.net/thumb/webtoon/737032/thumbnail/thumbnail_IMAG10_05ac59d5-7288-4fa5-b931-4cff4f93c35e.jpg,thu
소녀180,742351,https://shared-comic.pstatic.net/thumb/webtoon/742351/thumbnail/thumbnail_IMAG10_3fdceb38-bcc8-419e-b4de-1cc70eb2be71.jpg,thu
소심한 팔레트,729571,https://shared-comic.pstatic.net/thumb/webtoon/729571/thumbnail/thumbnail_IMAG10_6eeb669f-0b24-4692-95a0-f074e0b00bdd.jpg,fri
속삭이는 e로맨스,723414,https://shared-comic.pstatic.net/thumb/webtoon/723414/thumbnail/thumbnail_IMAG10_9085b8b9-d7ac-4cee-be86-b104cd2fa72e.jpg,sun
손아귀,739439,https://shared-comic.pstatic.net/thumb/webtoon/739439/thumbnail/thumbnail_IMAG10_72bed238-5641-454f-a370-24960ef0da4e.jpg,thu
숲속의 담,738145,https://shared-comic.pstatic.net/thumb/webtoon/738145/thumbnail/thumbnail_IMAG10_85b59a0e-a961-4314-8c20-69c67e8896fe.jpg,tue
스위트홈,701081,https://shared-comic.pstatic.net/thumb/webtoon/701081/thumbnail/thumbnail_IMAG10_7120be5e-b5c7-4727-aba5-cb500c6098ab.jpg,fri
스터디그룹,721948,https://shared-comic.pstatic.net/thumb/webtoon/721948/thumbnail/thumbnail_IMAG10_72bdf971-8699-4e5e-aea9-e22569ad9437.jpg,sat
스테어스,736928,https://shared-comic.pstatic.net/thumb/webtoon/736928/thumbnail/thumbnail_IMAG10_172c28a5-142d-4187-9403-e54d1021bb5a.jpg,thu
스퍼맨: 현자단의 역습,730259,https://shared-comic.pstatic.net/thumb/webtoon/730259/thumbnail/thumbnail_IMAG10_ba8c687c-1848-4515-9926-3ec275a2737f.jpg,sun
신도림,683496,https://shared-comic.pstatic.net/thumb/webtoon/683496/thumbnail/thumbnail_IMAG10_69a59ea4-ece8-4454-beea-a730adae236f.jpg,tue
신비,740487,https://shared-comic.pstatic.net/thumb/webtoon/740487/thumbnail/thumbnail_IMAG10_14feb943-cfeb-40db-b6e2-b39180340204.jpg,thu
신상 미스터리 극장,740377,https://shared-comic.pstatic.net/thumb/webtoon/740377/thumbnail/thumbnail_IMAG10_73d4b263-f53a-4c17-9fb5-80e5609ad514.jpg,fri
신선비,735254,https://shared-comic.pstatic.net/thumb/webtoon/735254/thumbnail/thumbnail_IMAG10_e1d195bb-e5ef-4afc-886f-f62a35214395.jpg,wed
신을 죽이는 방법,714886,https://shared-comic.pstatic.net/thumb/webtoon/714886/thumbnail/thumbnail_IMAG10_dbf1c5f4-08ec-47f6-bd6d-ab6304d907de.jpg,mon
신의 언어,602287,https://shared-comic.pstatic.net/thumb/webtoon/602287/thumbnail/thumbnail_IMAG10_224813aa-66df-4442-8647-1b44d645964b.jpg,tue
신의 탑,183559,https://shared-comic.pstatic.net/thumb/webtoon/183559/thumbnail/thumbnail_IMAG10_5e13c29c-f451-4430-a84a-a46495fb8cc3.jpg,mon
싸움독학,736277,https://shared-comic.pstatic.net/thumb/webtoon/736277/thumbnail/thumbnail_IMAG10_3ff8475e-6085-4188-a359-920a8801b419.jpg,sun
아는 여자애,738809,https://shared-comic.pstatic.net/thumb/webtoon/738809/thumbnail/thumbnail_IMAG10_4e0cf3c8-94e2-48e9-bb41-278cee9395d4.jpg,mon
아도나이,725829,https://shared-comic.pstatic.net/thumb/webtoon/725829/thumbnail/thumbnail_IMAG10_6b97d6e4-0a56-4067-97c1-59a9e1e36e47.jpg,wed
아르세니아의 마법사,741458,https://shared-comic.pstatic.net/thumb/webtoon/741458/thumbnail/thumbnail_IMAG10_4f4d207d-6c08-4393-8f44-e7e9c1d02618.jpg,sun
아이고 아이고,739114,https://shared-comic.pstatic.net/thumb/webtoon/739114/thumbnail/thumbnail_IMAG10_4d936327-6b73-4887-a2f7-0717e17c80fd.jpg,tue
아이키우는만화,737835,https://shared-comic.pstatic.net/thumb/webtoon/737835/thumbnail/thumbnail_IMAG10_fb981ccf-345c-464c-9ed0-0ad4d38cca7a.jpg,thu/mon
아홉수 우리들,724815,https://shared-comic.pstatic.net/thumb/webtoon/724815/thumbnail/thumbnail_IMAG10_24d927e3-52e7-41d2-a0f9-6140b563aef9.jpg,sat
악마와 계약연애,710750,https://shared-comic.pstatic.net/thumb/webtoon/710750/thumbnail/thumbnail_IMAG10_17f35b20-c52e-44db-8378-63d5d7a37955.jpg,tue
악취,729946,https://shared-comic.pstatic.net/thumb/webtoon/729946/thumbnail/thumbnail_IMAG10_647f727e-bbae-4504-9628-e85898d2d7d6.jpg,mon
안개무덤,731930,https://shared-comic.pstatic.net/thumb/webtoon/731930/thumbnail/thumbnail_IMAG10_52f6ef62-3219-4513-8746-714a97b816e8.jpg,thu
안식의 밤,738483,https://shared-comic.pstatic.net/thumb/webtoon/738483/thumbnail/thumbnail_IMAG10_b243227c-6502-4c39-b9aa-09fde861850c.jpg,tue
압락사스,729563,https://shared-comic.pstatic.net/thumb/webtoon/729563/thumbnail/thumbnail_IMAG10_122f13c3-8f09-4dc5-a050-ea620fe1790b.jpg,sat
앵무살수,739115,https://shared-comic.pstatic.net/thumb/webtoon/739115/thumbnail/thumbnail_IMAG10_a206c88b-0b8c-461d-b9e0-76ae8f6ee8ff.jpg,mon
약한영웅,710751,https://shared-comic.pstatic.net/thumb/webtoon/710751/thumbnail/thumbnail_IMAG10_eed99ea4-5908-4445-b89a-d3881797f909.jpg,sun
어글리 피플즈,732953,https://shared-comic.pstatic.net/thumb/webtoon/732953/thumbnail/thumbnail_IMAG10_b6628204-2a4a-4d01-a4e2-47cf7292ecfa.jpg,tue
어글리후드,703630,https://shared-comic.pstatic.net/thumb/webtoon/703630/thumbnail/thumbnail_IMAG10_f0337ccf-b55e-47d9-bb47-131b396f1bb6.jpg,sat
어른의 계절,740135,https://shared-comic.pstatic.net/thumb/webtoon/740135/thumbnail/thumbnail_IMAG10_49bc1138-6218-4755-b951-432dba04a75e.jpg,sat
어쩐지 수상하더라,733137,https://shared-comic.pstatic.net/thumb/webtoon/733137/thumbnail/thumbnail_IMAG10_24c790e4-bb27-4d00-827b-75fe7c30af59.jpg,wed
어쩔꼰대,730389,https://shared-comic.pstatic.net/thumb/webtoon/730389/thumbnail/thumbnail_IMAG10_5fd9dd09-2118-45d1-924c-2053977543cd.jpg,thu
언덕 위의 제임스,671421,https://shared-comic.pstatic.net/thumb/webtoon/671421/thumbnail/thumbnail_IMAG10_51c242df-2c42-46e6-91d6-bbba062b3f21.jpg,wed
언데드,706770,https://shared-comic.pstatic.net/thumb/webtoon/706770/thumbnail/thumbnail_IMAG10_da85ffe8-adbd-4d4f-9a23-19933e5b5cce.jpg,sat
얼굴천재,735979,https://shared-comic.pstatic.net/thumb/webtoon/735979/thumbnail/thumbnail_IMAG10_ccbcacb5-2284-4ec0-8f97-18a1ad9aa324.jpg,wed
에이머,400739,https://shared-comic.pstatic.net/thumb/webtoon/400739/thumbnail/thumbnail_IMAG10_9b32956f-0e80-4d26-afd3-836796eaad25.jpg,tue
여고전설,736227,https://shared-comic.pstatic.net/thumb/webtoon/736227/thumbnail/thumbnail_IMAG10_ff121773-85cb-40ad-afa1-8da9aee09e7f.jpg,sat
여기 악마가 있어,734399,https://shared-comic.pstatic.net/thumb/webtoon/734399/thumbnail/thumbnail_IMAG10_ffec1cd5-6896-4d88-842e-bad671225a26.jpg,mon
여신강림,703846,https://shared-comic.pstatic.net/thumb/webtoon/703846/thumbnail/thumbnail_IMAG10_35503130-16ce-4236-b913-0fe76226de36.jpg,tue
여주실격!,738143,https://shared-comic.pstatic.net/thumb/webtoon/738143/thumbnail/thumbnail_IMAG10_1c21820a-c0c8-48dd-8870-77a076a70ccf.jpg,wed
연놈,667573,https://shared-comic.pstatic.net/thumb/webtoon/667573/thumbnail/title_thumbnail_20151120112903_t83x90.jpg,wed
연애혁명,570503,https://shared-comic.pstatic.net/thumb/webtoon/570503/thumbnail/thumbnail_IMAG10_5719a3fe-81f4-4a0c-8c27-eca1631e8384.jpg,thu
열등의 조건,733638,https://shared-comic.pstatic.net/thumb/webtoon/733638/thumbnail/thumbnail_IMAG10_67290a2d-62c0-4e47-8170-5d8714281300.jpg,thu
열렙전사,670152,https://shared-comic.pstatic.net/thumb/webtoon/670152/thumbnail/title_thumbnail_20160122210643_t83x90.jpg,sun
열불 로맨스,725552,https://shared-comic.pstatic.net/thumb/webtoon/725552/thumbnail/thumbnail_IMAG10_22eab67b-6329-4bda-9de9-41edc8d417d2.jpg,sat
열정호구,686312,https://shared-comic.pstatic.net/thumb/webtoon/686312/thumbnail/title_thumbnail_20161010182406_t83x90.jpg,tue
옆집친구,718019,https://shared-comic.pstatic.net/thumb/webtoon/718019/thumbnail/thumbnail_IMAG10_dd283c57-0f9e-44b3-916a-d1d68a282398.jpg,fri
오늘도 사랑하세요,733768,https://shared-comic.pstatic.net/thumb/webtoon/733768/thumbnail/thumbnail_IMAG10_5785c9e2-a6f4-46df-a726-8bbbfae17dab.jpg,sun
오라존미,722386,https://shared-comic.pstatic.net/thumb/webtoon/722386/thumbnail/thumbnail_IMAG10_713aaa93-8e3c-473d-8156-fac48c19ff3b.jpg,wed
오로지 너를 이기고 싶어,730657,https://shared-comic.pstatic.net/thumb/webtoon/730657/thumbnail/thumbnail_IMAG10_1328a962-3525-480d-aa4f-8adf15cdc02f.jpg,sun
오버더문,737836,https://shared-comic.pstatic.net/thumb/webtoon/737836/thumbnail/thumbnail_IMAG10_8fca89ac-5ed5-4c49-8b40-b2e5cab1b9a2.jpg,wed
올가미,732988,https://shared-comic.pstatic.net/thumb/webtoon/732988/thumbnail/thumbnail_IMAG10_005eaa74-c2da-4adc-b9bf-5b0350ab8a62.jpg,tue
왕세자 입학도,739411,https://shared-comic.pstatic.net/thumb/webtoon/739411/thumbnail/thumbnail_IMAG10_dd1c3b6b-10c2-4778-b089-65903279effb.jpg,sat
외모지상주의,641253,https://shared-comic.pstatic.net/thumb/webtoon/641253/thumbnail/title_thumbnail_20141120112141_t83x90.jpg,fri
요괴대전,726189,https://shared-comic.pstatic.net/thumb/webtoon/726189/thumbnail/thumbnail_IMAG10_9ba7c658-7fbf-425f-ad91-e39b36a134ca.jpg,mon
요리GO,703849,https://shared-comic.pstatic.net/thumb/webtoon/703849/thumbnail/thumbnail_IMAG10_8bc27171-13cb-42da-ac77-e3d63d610c80.png,mon
용왕님의 셰프가 되었습니다,741449,https://shared-comic.pstatic.net/thumb/webtoon/741449/thumbnail/thumbnail_IMAG10_6aa5dfc6-5283-408a-8744-e62fbc52a12c.jpg,tue
우주최강대스타,721462,https://shared-comic.pstatic.net/thumb/webtoon/721462/thumbnail/thumbnail_IMAG10_2d2323e0-2d2f-4588-9968-79c216aa8556.jpg,sat
웅이는 배고파,697535,https://shared-comic.pstatic.net/thumb/webtoon/697535/thumbnail/thumbnail_IMAG10_18d07ed4-3a67-4e36-8406-c7d78f7aa163.jpg,sun
원수를 사랑하라,733079,https://shared-comic.pstatic.net/thumb/webtoon/733079/thumbnail/thumbnail_IMAG10_93f97f3e-60a7-4d96-8c8d-5303071202e0.jpg,wed
원주민 공포만화,698918,https://shared-comic.pstatic.net/thumb/webtoon/698918/thumbnail/thumbnail_IMAG10_1ffbcabb-b5fd-41d8-9500-faaee1d3cbb4.jpg,tue
위대한 방옥숙,727838,https://shared-comic.pstatic.net/thumb/webtoon/727838/thumbnail/thumbnail_IMAG10_eafeebfe-214e-4046-9962-53e66e272ea5.jpg,mon
위험한 신입사원,729883,https://shared-comic.pstatic.net/thumb/webtoon/729883/thumbnail/thumbnail_IMAG10_b0eeb3fc-b1c7-4b06-93ca-86055021647c.jpg,sun
윈드브레이커,602910,https://shared-comic.pstatic.net/thumb/webtoon/602910/thumbnail/thumbnail_IMAG10_8914c548-d69d-45d6-8008-bbc129e637c2.jpg,mon
윌유메리미,616239,https://shared-comic.pstatic.net/thumb/webtoon/616239/thumbnail/title_thumbnail_20161031214436_t83x90.jpg,tue/sat
유령극단,732256,https://shared-comic.pstatic.net/thumb/webtoon/732256/thumbnail/thumbnail_IMAG10_fc2420c2-3362-41c2-b7b6-6b00e799a76e.jpg,sat
유미의 세포들,651673,https://shared-comic.pstatic.net/thumb/webtoon/651673/thumbnail/thumbnail_IMAG10_659b9446-0940-494a-bb5f-5893290a84d0.jpg,wed/sat
은주의 방 2~3부,654138,https://shared-comic.pstatic.net/thumb/webtoon/654138/thumbnail/thumbnail_IMAG10_6703cec5-78ee-4a87-9362-e46b6763b432.jpg,tue
이것도 친구라고,698888,https://shared-comic.pstatic.net/thumb/webtoon/698888/thumbnail/thumbnail_IMAG10_d790af01-aba0-4c59-baca-1e61801cfa89.png,mon
이계 무슨 황비,729086,https://shared-comic.pstatic.net/thumb/webtoon/729086/thumbnail/thumbnail_IMAG10_6dc096fc-1924-49fc-b7ff-8f5d7367bb43.jpg,thu
이두나!,731130,https://shared-comic.pstatic.net/thumb/webtoon/731130/thumbnail/thumbnail_IMAG10_95bffd81-d7ca-48f7-8e17-3da2c97ae7db.jpg,thu
이제 곧 죽습니다,727189,https://shared-comic.pstatic.net/thumb/webtoon/727189/thumbnail/thumbnail_IMAG10_f0245c6f-64d4-4b41-8d46-8ec6cae03175.jpg,fri
이츠마인,710760,https://shared-comic.pstatic.net/thumb/webtoon/710760/thumbnail/thumbnail_IMAG10_0f9651ee-18f9-4fbb-bdf7-cded844fcb6d.jpg,wed
인간의 온도,733770,https://shared-comic.pstatic.net/thumb/webtoon/733770/thumbnail/thumbnail_IMAG10_8c6798d2-8dbb-4771-a969-bcac5d74e5dd.jpg,mon
인생존망,733766,https://shared-comic.pstatic.net/thumb/webtoon/733766/thumbnail/thumbnail_IMAG10_b187e34b-9f68-4fd0-9b65-863560682933.jpg,mon
인싸라이프,732224,https://shared-comic.pstatic.net/thumb/webtoon/732224/thumbnail/thumbnail_IMAG10_798f77b5-4014-428b-be49-5db1894dc0ee.jpg,sun
인어를 위한 수영교실,728900,https://shared-comic.pstatic.net/thumb/webtoon/728900/thumbnail/thumbnail_IMAG10_45975740-fcec-4d6c-bfd0-1edd28f522f7.jpg,sun
일렉시드,717481,https://shared-comic.pstatic.net/thumb/webtoon/717481/thumbnail/thumbnail_IMAG10_abd208ef-46dd-42ef-942e-df70b9e27386.jpg,wed
일진이 사나워,721949,https://shared-comic.pstatic.net/thumb/webtoon/721949/thumbnail/thumbnail_IMAG10_7f13bf37-cf66-4cfb-922c-8399016459d7.jpg,mon
자취로운 생활,714834,https://shared-comic.pstatic.net/thumb/webtoon/714834/thumbnail/thumbnail_IMAG10_e8f48301-bbcf-40d2-ac92-9a8e45ee2d5d.jpg,wed/fri
자판귀,703850,https://shared-comic.pstatic.net/thumb/webtoon/703850/thumbnail/thumbnail_IMAG10_d093ab2d-a006-457b-92b5-1da097bc3af1.jpg,tue
장단에 맞춰줘!,735247,https://shared-comic.pstatic.net/thumb/webtoon/735247/thumbnail/thumbnail_IMAG10_c658b27b-105e-434d-b09b-50b038d8fb1e.jpg,tue
장씨세가 호위무사,728750,https://shared-comic.pstatic.net/thumb/webtoon/728750/thumbnail/thumbnail_IMAG10_d991c7c7-8068-48ce-b03b-54d4df8c8197.jpg,mon
재혼 황후,735661,https://shared-comic.pstatic.net/thumb/webtoon/735661/thumbnail/thumbnail_IMAG10_95dbdf89-c88d-40dd-b87c-7ff5b5094646.jpg,fri
저세상 클라스!,733765,https://shared-comic.pstatic.net/thumb/webtoon/733765/thumbnail/thumbnail_IMAG10_211e16c4-82fc-4669-87a5-0b34f8a1b276.jpg,tue
저승사자 출입금지,736699,https://shared-comic.pstatic.net/thumb/webtoon/736699/thumbnail/thumbnail_IMAG10_948c361c-8571-4c45-9562-e2181f1c5bef.jpg,wed
전자오락수호대,637931,https://shared-comic.pstatic.net/thumb/webtoon/637931/thumbnail/thumbnail_IMAG10_f3fcdcff-76fe-43d8-ba90-1e38b5306879.jpg,thu
점핑오버,703833,https://shared-comic.pstatic.net/thumb/webtoon/703833/thumbnail/thumbnail_IMAG10_daa9e35f-9bda-4270-9585-6c158b3d885b.jpg,sun
정년이,726214,https://shared-comic.pstatic.net/thumb/webtoon/726214/thumbnail/thumbnail_IMAG10_45548b35-fad7-4f03-9c42-247fd97fbae9.jpg,tue
정보전사 202,733078,https://shared-comic.pstatic.net/thumb/webtoon/733078/thumbnail/thumbnail_IMAG10_581f62e1-9232-4052-a9ae-df8298372396.jpg,mon
정순애 식당,731978,https://shared-comic.pstatic.net/thumb/webtoon/731978/thumbnail/thumbnail_IMAG10_133210c0-30ea-40a1-8d17-063ccc751c88.jpg,wed
제로게임,676695,https://shared-comic.pstatic.net/thumb/webtoon/676695/thumbnail/thumbnail_IMAG10_bf2d8488-97a2-45b7-97b0-44cdaf9263b1.jpg,tue
조선홍보대행사 조대박,737019,https://shared-comic.pstatic.net/thumb/webtoon/737019/thumbnail/thumbnail_IMAG10_1131af64-54ce-4d37-8380-bb82168626ac.jpg,tue
좀비딸,715772,https://shared-comic.pstatic.net/thumb/webtoon/715772/thumbnail/thumbnail_IMAG10_45108665-e46e-49f7-9ee5-ded04dbbc6d0.jpg,thu
중독연구소,740132,https://shared-comic.pstatic.net/thumb/webtoon/740132/thumbnail/thumbnail_IMAG10_e7b510e2-dfaf-4606-a07a-596c5472a359.jpg,mon
중증외상센터 : 골든 아워,738174,https://shared-comic.pstatic.net/thumb/webtoon/738174/thumbnail/thumbnail_IMAG10_8087458b-54db-4a79-a332-891abbf266f5.jpg,tue
지구멸망버튼,738488,https://shared-comic.pstatic.net/thumb/webtoon/738488/thumbnail/thumbnail_IMAG10_3dc0bac8-87e4-430a-91b9-cf39cdf89a5c.jpg,mon
지옥,730465,https://shared-comic.pstatic.net/thumb/webtoon/730465/thumbnail/thumbnail_IMAG10_9e20f543-98aa-4b6c-a36a-76f1626cdb66.jpg,mon
집사레인저,743270,https://shared-comic.pstatic.net/thumb/webtoon/743270/thumbnail/thumbnail_IMAG10_dd5f95ab-7a6e-4137-8b5d-08003870a308.jpg,thu
집이 없어,721433,https://shared-comic.pstatic.net/thumb/webtoon/721433/thumbnail/thumbnail_IMAG10_7473d8cd-99db-4f80-98d4-cc5af7150c76.jpg,tue
천도,740481,https://shared-comic.pstatic.net/thumb/webtoon/740481/thumbnail/thumbnail_IMAG10_9fc2000a-f0e4-4fda-898f-5f2f82469dee.jpg,wed
천사가 아니야,729084,https://shared-comic.pstatic.net/thumb/webtoon/729084/thumbnail/thumbnail_IMAG10_be9442dd-a917-45c4-9b80-85d147287159.jpg,sat
첫사랑입니다만,727836,https://shared-comic.pstatic.net/thumb/webtoon/727836/thumbnail/thumbnail_IMAG10_f842e125-5972-4750-afd4-d5cbc52d20e3.jpg,mon
초인의 시대,730694,https://shared-comic.pstatic.net/thumb/webtoon/730694/thumbnail/thumbnail_IMAG10_dae8671c-5899-4e4d-a921-299ad188fb14.jpg,sat
최강전설 강해효,570506,https://shared-comic.pstatic.net/thumb/webtoon/570506/thumbnail/title_thumbnail_20130710192300_t83x90.jpg,thu
취사병 전설이 되다,727188,https://shared-comic.pstatic.net/thumb/webtoon/727188/thumbnail/thumbnail_IMAG10_f01cc201-02c6-4a40-8c1a-e3db0c256876.jpg,sat
친애하는 X,730204,https://shared-comic.pstatic.net/thumb/webtoon/730204/thumbnail/thumbnail_IMAG10_5a2771ad-bd0a-438f-8a3d-e193e7c6bbfb.jpg,sat
칼가는 소녀,730174,https://shared-comic.pstatic.net/thumb/webtoon/730174/thumbnail/thumbnail_IMAG10_df034319-e76a-42d5-a3dd-5412c67f29d4.jpg,mon
칼부림,602916,https://shared-comic.pstatic.net/thumb/webtoon/602916/thumbnail/thumbnail_IMAG10_243624c9-67a6-442d-bf1f-d1cade18a8ef.jpg,wed
캐슬,736744,https://shared-comic.pstatic.net/thumb/webtoon/736744/thumbnail/thumbnail_IMAG10_52c79b5c-7d5e-48ff-a377-ee247b3134bd.jpg,wed
커넥트,727268,https://shared-comic.pstatic.net/thumb/webtoon/727268/thumbnail/thumbnail_IMAG10_f1008bab-b11a-42cf-89fc-98eeb5b16661.jpg,wed
쿠베라,131385,https://shared-comic.pstatic.net/thumb/webtoon/131385/thumbnail/thumbnail_IMAG10_c5053bcc-3b95-473d-bfe1-e4256bf56b58.jpg,thu
킬더킹,670145,https://shared-comic.pstatic.net/thumb/webtoon/670145/thumbnail/title_thumbnail_20160105121235_t83x90.jpg,thu
킬링타임,731063,https://shared-comic.pstatic.net/thumb/webtoon/731063/thumbnail/thumbnail_IMAG10_4903657b-6737-4de5-a6dd-1f8d00067376.jpg,tue
타인의 로맨스,729043,https://shared-comic.pstatic.net/thumb/webtoon/729043/thumbnail/thumbnail_IMAG10_b6409289-708b-4358-816a-963a0338f20a.jpg,sun
탑코너,732021,https://shared-comic.pstatic.net/thumb/webtoon/732021/thumbnail/thumbnail_IMAG10_991d5df9-da86-4c6d-8a90-185b1424fbd0.jpg,sat
텃밭부 사건일지,732259,https://shared-comic.pstatic.net/thumb/webtoon/732259/thumbnail/thumbnail_IMAG10_aad27957-f05c-48d4-84ca-d40b1d543c00.jpg,wed
테러맨,670149,https://shared-comic.pstatic.net/thumb/webtoon/670149/thumbnail/thumbnail_IMAG10_e7b9a026-42a9-447c-a5b5-af0c71626e50.jpg,fri
토끼대왕,742826,https://shared-comic.pstatic.net/thumb/webtoon/742826/thumbnail/thumbnail_IMAG10_528b9819-ec50-4612-ad84-5f5a78e062c0.jpg,sat
트럼프,524520,https://shared-comic.pstatic.net/thumb/webtoon/524520/thumbnail/thumbnail_IMAG10_2d94230a-1466-4eae-a829-3d177e8fb7e8.jpg,fri
특수 영능력 수사반,160469,https://shared-comic.pstatic.net/thumb/webtoon/160469/thumbnail/title_thumbnail_20100616174201_t83x90.jpg,thu
틴맘,726467,https://shared-comic.pstatic.net/thumb/webtoon/726467/thumbnail/thumbnail_IMAG10_7868cbbf-bf3f-4e5a-84e5-27ee8f9dca0e.jpg,sat
판타지 여동생!,730425,https://shared-comic.pstatic.net/thumb/webtoon/730425/thumbnail/thumbnail_IMAG10_1021f165-b14c-480b-bf82-3e9d622472ea.jpg,wed
패밀리 사이즈,626906,https://shared-comic.pstatic.net/thumb/webtoon/626906/thumbnail/title_thumbnail_20150810235651_t83x90.jpg,sun/tue
평범한 8반,597478,https://shared-comic.pstatic.net/thumb/webtoon/597478/thumbnail/thumbnail_IMAG10_e4cf12ad-ee5b-441f-b237-8c15e488f6ed.jpg,mon
푸른사막 아아루,697254,https://shared-comic.pstatic.net/thumb/webtoon/697254/thumbnail/thumbnail_IMAG10_373726b6-d41b-4a6d-bb8e-68b6e344471f.jpg,wed
프리드로우,597447,https://shared-comic.pstatic.net/thumb/webtoon/597447/thumbnail/title_thumbnail_20131102162055_t83x90.jpg,sat
피라미드 게임,739127,https://shared-comic.pstatic.net/thumb/webtoon/739127/thumbnail/thumbnail_IMAG10_0844e94b-9c09-42dd-8e5e-025a7202dde8.jpg,sat
피와 살,730148,https://shared-comic.pstatic.net/thumb/webtoon/730148/thumbnail/thumbnail_IMAG10_9341cde8-427c-49af-8ad9-f1077f6d6b1e.jpg,tue
피플,706590,https://shared-comic.pstatic.net/thumb/webtoon/706590/thumbnail/thumbnail_IMAG10_a5797ba5-ae4b-417f-ad02-6457cd9866ec.jpg,mon
하드캐리,710761,https://shared-comic.pstatic.net/thumb/webtoon/710761/thumbnail/thumbnail_IMAG10_9f8253a1-2318-4c0d-8d9e-f044f2203d4c.jpg,thu
하루,733746,https://shared-comic.pstatic.net/thumb/webtoon/733746/thumbnail/thumbnail_IMAG10_7922952b-0c4a-4338-806c-fcce86283fbd.jpg,fri
하루만 네가 되고 싶어,738487,https://shared-comic.pstatic.net/thumb/webtoon/738487/thumbnail/thumbnail_IMAG10_bc43da09-4f05-446b-83a9-72ac7a5dfd24.jpg,tue
하르모니아,709732,https://shared-comic.pstatic.net/thumb/webtoon/709732/thumbnail/thumbnail_IMAG10_54b1d5d7-0780-4252-9e47-1ce68b3f6e08.jpg,fri
하슬라,730391,https://shared-comic.pstatic.net/thumb/webtoon/730391/thumbnail/thumbnail_IMAG10_9dc0f9c2-f41d-4b2f-86e8-caa485246980.jpg,mon
하우스키퍼,723046,https://shared-comic.pstatic.net/thumb/webtoon/723046/thumbnail/thumbnail_IMAG10_28f0f8e5-fe43-45e2-b911-1b73c2109dfc.png,tue
함부로 대해줘,742782,https://shared-comic.pstatic.net/thumb/webtoon/742782/thumbnail/thumbnail_IMAG10_fb7d1c0f-0913-46af-8ba3-73601bb53a87.jpg,sat
합격시켜주세용,728128,https://shared-comic.pstatic.net/thumb/webtoon/728128/thumbnail/thumbnail_IMAG10_6349dc0e-4eae-4d78-b5ee-a302dc717677.jpg,sun
합법해적 파르페,729036,https://shared-comic.pstatic.net/thumb/webtoon/729036/thumbnail/thumbnail_IMAG10_7301b5fd-bd90-489c-9663-8f2ce8c71430.jpg,fri
행성인간,733047,https://shared-comic.pstatic.net/thumb/webtoon/733047/thumbnail/thumbnail_IMAG10_eea47446-e3b9-4cce-b291-222f0699e77a.jpg,sun
헬58,719508,https://shared-comic.pstatic.net/thumb/webtoon/719508/thumbnail/thumbnail_IMAG10_7588cd34-ae5d-4b49-aeb7-21404d7503ef.jpg,tue
헬퍼 2 : 킬베로스,670143,https://shared-comic.pstatic.net/thumb/webtoon/670143/thumbnail/thumbnail_IMAG10_20190617_migrated.jpg,wed
현혹,734040,https://shared-comic.pstatic.net/thumb/webtoon/734040/thumbnail/thumbnail_IMAG10_84ddf1e6-9d54-41f6-8dae-53c6c3ea534d.jpg,fri
호곡,713055,https://shared-comic.pstatic.net/thumb/webtoon/713055/thumbnail/thumbnail_IMAG10_3d9f8073-002d-4634-98ca-444c97d0a540.jpg,sun
호랑이형님,650305,https://shared-comic.pstatic.net/thumb/webtoon/650305/thumbnail/title_thumbnail_20161209212128_t83x90.jpg,sat
호랭총각,22897,https://shared-comic.pstatic.net/thumb/webtoon/22897/thumbnail/thumbnail_title_22897_83x90.gif,sun
호러전파상,729037,https://shared-comic.pstatic.net/thumb/webtoon/729037/thumbnail/thumbnail_IMAG10_c4b8c3e7-1dc6-4f95-9458-47a5dcdafda7.jpg,sun
홍시는 날 좋아해!,703839,https://shared-comic.pstatic.net/thumb/webtoon/703839/thumbnail/thumbnail_IMAG10_701e4038-8bc6-4d4b-accc-230865d1ca25.jpg,sat
화이트 블러드,739503,https://shared-comic.pstatic.net/thumb/webtoon/739503/thumbnail/thumbnail_IMAG10_33bcc543-6c50-4ca3-b8eb-d6e6d5bcc07d.jpg,thu
화장 지워주는 남자,710754,https://shared-comic.pstatic.net/thumb/webtoon/710754/thumbnail/thumbnail_IMAG10_d8e56fd3-303a-47f8-bdb0-8557ddceb5ba.jpg,fri
회춘,737018,https://shared-comic.pstatic.net/thumb/webtoon/737018/thumbnail/thumbnail_IMAG10_8bd8d436-4bb7-4924-b438-cd567766b267.jpg,sat
후덜덜덜 남극전자,732036,https://shared-comic.pstatic.net/thumb/webtoon/732036/thumbnail/thumbnail_IMAG10_8b515b33-a333-4be4-9d82-fd23d4337378.jpg,fri
히어로메이커,21815,https://shared-comic.pstatic.net/thumb/webtoon/21815/thumbnail/thumbnail_title_21815_83x90.gif,mon
