,타이틀번호,요일,제목,링크
0,183559,mon,신의 탑,https://shared-comic.pstatic.net/thumb/webtoon/183559/thumbnail/title_thumbnail_20160516123017_t83x90.jpg
1,648419,mon,뷰티풀 군바리,https://shared-comic.pstatic.net/thumb/webtoon/648419/thumbnail/thumbnail_IMAG10_1421195d-13be-4cde-bcf9-0c78d51c5ea3.jpg
2,602910,mon,윈드브레이커,https://shared-comic.pstatic.net/thumb/webtoon/602910/thumbnail/thumbnail_IMAG10_ec235b6e-c4fa-47ab-8141-36c4f1572a79.jpg
3,654774,mon,소녀의 세계,https://shared-comic.pstatic.net/thumb/webtoon/654774/thumbnail/thumbnail_IMAG10_b85f5350-ca68-4300-ab15-036d9ee060c8.jpg
4,679519,mon,대학일기,https://shared-comic.pstatic.net/thumb/webtoon/679519/thumbnail/title_thumbnail_20160601180804_t83x90.jpg
5,597478,mon,평범한 8반,https://shared-comic.pstatic.net/thumb/webtoon/597478/thumbnail/thumbnail_IMAG10_487d19d8-3547-43a0-aa94-10ef7fc94cda.jpg
6,702422,mon,니편내편,https://shared-comic.pstatic.net/thumb/webtoon/702422/thumbnail/thumbnail_IMAG10_8a7d3a98-291e-4fec-b399-7b8219c90854.jpg
7,710756,mon,일진에게 회초리,https://shared-comic.pstatic.net/thumb/webtoon/710756/thumbnail/thumbnail_IMAG10_af763a48-1b08-495e-b16a-a666ca931e38.jpg
8,675554,mon,가우스전자 시즌3~4,https://shared-comic.pstatic.net/thumb/webtoon/675554/thumbnail/thumbnail_IMAG10_66613407-1041-4f4f-ad8a-1983361f932e.jpg
9,644180,mon,하루 3컷,https://shared-comic.pstatic.net/thumb/webtoon/644180/thumbnail/title_thumbnail_20141231175152_t83x90.jpg
10,694807,mon,마왕이 되는 중2야,https://shared-comic.pstatic.net/thumb/webtoon/694807/thumbnail/thumbnail_IMAG10_49a1f978-53e4-4f40-8d66-42ee26d14cfc.jpg
11,698888,mon,이것도 친구라고,https://shared-comic.pstatic.net/thumb/webtoon/698888/thumbnail/thumbnail_IMAG10_49e1ecf6-8b80-46e5-9ffc-45ed48a4fdd8.jpg
12,679568,mon,마이너스의 손,https://shared-comic.pstatic.net/thumb/webtoon/679568/thumbnail/title_thumbnail_20160729221220_t83x90.jpg
13,710752,mon,혈투,https://shared-comic.pstatic.net/thumb/webtoon/710752/thumbnail/thumbnail_IMAG10_42d92808-f5e6-4f2d-a33b-9c8b56cc7b25.jpg
14,710741,mon,부로콜리왕자,https://shared-comic.pstatic.net/thumb/webtoon/710741/thumbnail/thumbnail_IMAG10_c0dd56d6-d08a-4552-91f2-3be36b397349.jpg
15,668723,mon,이상하고 아름다운,https://shared-comic.pstatic.net/thumb/webtoon/668723/thumbnail/thumbnail_IMAG10_7d4eefd4-c96e-4e85-acdb-c65dac816c46.jpg
16,700139,mon,환생동물학교,https://shared-comic.pstatic.net/thumb/webtoon/700139/thumbnail/thumbnail_IMAG10_34e13db4-712c-4556-9e32-5ecf17061293.jpg
17,709731,mon,유일무이 로맨스,https://shared-comic.pstatic.net/thumb/webtoon/709731/thumbnail/thumbnail_IMAG10_12fb71f3-895b-428f-a10c-3680829ad39d.jpg
18,710762,mon,반투명인간,https://shared-comic.pstatic.net/thumb/webtoon/710762/thumbnail/thumbnail_IMAG10_fb5a947c-767b-4188-9f65-eacdcba55e8f.jpg
19,706590,mon,피플,https://shared-comic.pstatic.net/thumb/webtoon/706590/thumbnail/thumbnail_IMAG10_f9ce8f3e-0dd3-4979-a9de-7a01f8f3ce49.jpg
20,21815,mon,히어로메이커,https://shared-comic.pstatic.net/thumb/webtoon/21815/thumbnail/thumbnail_title_21815_83x90.gif
21,713581,mon,내 여자친구는 상남자,https://shared-comic.pstatic.net/thumb/webtoon/713581/thumbnail/thumbnail_IMAG10_fce3c3c1-2356-4916-aba2-0f561f579c1c.jpg
22,711899,mon,와장창창! 자취맨,https://shared-comic.pstatic.net/thumb/webtoon/711899/thumbnail/thumbnail_IMAG10_c071339d-044d-43dc-9232-b3625a35d733.jpg
23,700858,mon,닥터 하운드,https://shared-comic.pstatic.net/thumb/webtoon/700858/thumbnail/thumbnail_IMAG10_a01d69ed-7018-4f26-8c9e-e081b66037eb.jpg
24,687915,mon,꿈의 기업,https://shared-comic.pstatic.net/thumb/webtoon/687915/thumbnail/thumbnail_IMAG10_e03acc4a-a1ce-4ebc-a021-e3cc07af5f20.jpg
25,713915,mon,내 ID는 강남미인! - 둘만의 시간,https://shared-comic.pstatic.net/thumb/webtoon/713915/thumbnail/thumbnail_IMAG10_965766f9-c94e-4d50-a035-840b4f705f08.jpg
26,703635,mon,오직 나의 주인님,https://shared-comic.pstatic.net/thumb/webtoon/703635/thumbnail/thumbnail_IMAG10_3ff49f08-1841-482b-9514-cfa14880b858.jpg
27,703838,mon,홍차리브레,https://shared-comic.pstatic.net/thumb/webtoon/703838/thumbnail/thumbnail_IMAG10_e473ae37-18af-44f6-83ee-a0d63e153cdb.jpg
28,703629,mon,열대어,https://shared-comic.pstatic.net/thumb/webtoon/703629/thumbnail/thumbnail_IMAG10_e92d5bd9-01a6-462a-9bd8-6b8e697875ea.jpg
29,698247,mon,찬란하지 않아도 괜찮아,https://shared-comic.pstatic.net/thumb/webtoon/698247/thumbnail/thumbnail_IMAG10_0760e4a0-ccb9-4466-aec3-672fd34db52c.jpg
30,713975,mon,데드라이프,https://shared-comic.pstatic.net/thumb/webtoon/713975/thumbnail/thumbnail_IMAG10_ab6f4e3d-dce3-4e12-878f-a31857bd521c.jpg
31,703846,tue,여신강림,https://shared-comic.pstatic.net/thumb/webtoon/703846/thumbnail/thumbnail_IMAG10_35503130-16ce-4236-b913-0fe76226de36.jpg
32,20853,tue,마음의소리,https://shared-comic.pstatic.net/thumb/webtoon/20853/thumbnail/thumbnail_title_20853_83x90.gif
33,25455,tue,노블레스,https://shared-comic.pstatic.net/thumb/webtoon/25455/thumbnail/title_thumbnail_20100614120245_t83x90.jpg
34,675331,tue,하이브3,https://shared-comic.pstatic.net/thumb/webtoon/675331/thumbnail/title_thumbnail_20160229184941_t83x90.jpg
35,702608,tue,랜덤채팅의 그녀!,https://shared-comic.pstatic.net/thumb/webtoon/702608/thumbnail/thumbnail_IMAG10_18186c48-4c35-4d98-9821-9eb03c9cd590.jpg
36,698918,tue,원주민 공포만화,https://shared-comic.pstatic.net/thumb/webtoon/698918/thumbnail/thumbnail_IMAG10_1ffbcabb-b5fd-41d8-9500-faaee1d3cbb4.jpg
37,683496,tue,신도림,https://shared-comic.pstatic.net/thumb/webtoon/683496/thumbnail/title_thumbnail_20160805110206_t83x90.jpg
38,703307,tue,신암행어사,https://shared-comic.pstatic.net/thumb/webtoon/703307/thumbnail/thumbnail_IMAG10_0c6ab332-3b2b-4d18-bc97-b512c038087a.jpg
39,119874,tue,덴마,https://shared-comic.pstatic.net/thumb/webtoon/119874/thumbnail/title_thumbnail_20150706185233_t83x90.jpg
40,703850,tue,자판귀,https://shared-comic.pstatic.net/thumb/webtoon/703850/thumbnail/thumbnail_IMAG10_d093ab2d-a006-457b-92b5-1da097bc3af1.jpg
41,695321,tue,빙탕후루,https://shared-comic.pstatic.net/thumb/webtoon/695321/thumbnail/thumbnail_IMAG10_ed636544-e826-4b9b-96f2-fce37c9f8e54.jpg
42,602287,tue,신의 언어,https://shared-comic.pstatic.net/thumb/webtoon/602287/thumbnail/thumbnail_IMAG10_9c263219-ce76-4050-8af8-0f3c1853a36d.jpg
43,711422,tue,삼국지톡,https://shared-comic.pstatic.net/thumb/webtoon/711422/thumbnail/thumbnail_IMAG10_c2333dc0-c699-41e4-8507-6b4bcd16b903.jpg
44,682637,tue,놓지마 정신줄 시즌2,https://shared-comic.pstatic.net/thumb/webtoon/682637/thumbnail/title_thumbnail_20160729190602_t83x90.jpg
45,675554,tue,가우스전자 시즌3~4,https://shared-comic.pstatic.net/thumb/webtoon/675554/thumbnail/thumbnail_IMAG10_66613407-1041-4f4f-ad8a-1983361f932e.jpg
46,710750,tue,악마와 계약연애,https://shared-comic.pstatic.net/thumb/webtoon/710750/thumbnail/thumbnail_IMAG10_3a696e07-a3a3-4f68-b532-f34172091ab1.jpg
47,713871,tue,고교생활기록부,https://shared-comic.pstatic.net/thumb/webtoon/713871/thumbnail/thumbnail_IMAG10_035809e3-07c0-4647-bb04-7dda6b322ef9.jpg
48,703852,tue,바른연애 길잡이,https://shared-comic.pstatic.net/thumb/webtoon/703852/thumbnail/thumbnail_IMAG10_be0db503-bd1a-4a2a-8cb3-6601ec3e929e.jpg
49,676695,tue,제로게임,https://shared-comic.pstatic.net/thumb/webtoon/676695/thumbnail/thumbnail_IMAG10_45724aa5-2db0-4002-956e-573d4e1686a2.jpg
50,712901,tue,위장불륜 (僞裝不倫),https://shared-comic.pstatic.net/thumb/webtoon/712901/thumbnail/thumbnail_IMAG10_7a0e2734-13a7-452f-8e2b-e90d192cf845.jpg
51,710766,tue,불괴,https://shared-comic.pstatic.net/thumb/webtoon/710766/thumbnail/thumbnail_IMAG10_1bd4e331-5ea4-413c-b4df-0eb8ec2b5c9f.jpg
52,400739,tue,에이머,https://shared-comic.pstatic.net/thumb/webtoon/400739/thumbnail/title_thumbnail_20150504175746_t83x90.jpg
53,644180,tue,하루 3컷,https://shared-comic.pstatic.net/thumb/webtoon/644180/thumbnail/title_thumbnail_20141231175152_t83x90.jpg
54,616239,tue,윌유메리미,https://shared-comic.pstatic.net/thumb/webtoon/616239/thumbnail/title_thumbnail_20161031214436_t83x90.jpg
55,654138,tue,은주의 방 2~3부,https://shared-comic.pstatic.net/thumb/webtoon/654138/thumbnail/thumbnail_IMAG10_6703cec5-78ee-4a87-9362-e46b6763b432.jpg
56,686312,tue,열정호구,https://shared-comic.pstatic.net/thumb/webtoon/686312/thumbnail/title_thumbnail_20161010182406_t83x90.jpg
57,710758,tue,문래빗,https://shared-comic.pstatic.net/thumb/webtoon/710758/thumbnail/thumbnail_IMAG10_09dbc20c-35b0-4c92-9bc2-e011b7d79025.jpg
58,666670,tue,모태솔로수용소 시즌2~3,https://shared-comic.pstatic.net/thumb/webtoon/666670/thumbnail/title_thumbnail_20151109202307_t83x90.jpg
59,713289,tue,참새는 새!신부,https://shared-comic.pstatic.net/thumb/webtoon/713289/thumbnail/thumbnail_IMAG10_9e9e344d-17f5-42b1-9e2e-80b906acc5a6.jpg
60,702672,tue,노곤하개,https://shared-comic.pstatic.net/thumb/webtoon/702672/thumbnail/thumbnail_IMAG10_4313f60c-b034-49ae-9edc-877c859b64f3.jpg
61,626906,tue,패밀리 사이즈,https://shared-comic.pstatic.net/thumb/webtoon/626906/thumbnail/title_thumbnail_20150810235651_t83x90.jpg
62,702165,tue,간질간질,https://shared-comic.pstatic.net/thumb/webtoon/702165/thumbnail/thumbnail_IMAG10_68f82b34-0039-440a-a731-0f44ad25f942.jpg
63,651673,wed,유미의 세포들,https://shared-comic.pstatic.net/thumb/webtoon/651673/thumbnail/thumbnail_IMAG10_3c7a2e4c-376e-4856-9f03-6ba554dcd62a.jpg
64,626907,wed,복학왕,https://shared-comic.pstatic.net/thumb/webtoon/626907/thumbnail/title_thumbnail_20150407141027_t83x90.jpg
65,662774,wed,고수,https://shared-comic.pstatic.net/thumb/webtoon/662774/thumbnail/thumbnail_IMAG10_fddc4c8b-fbe6-422c-9777-590d98f4dc9e.jpg
66,667573,wed,연놈,https://shared-comic.pstatic.net/thumb/webtoon/667573/thumbnail/title_thumbnail_20151120112903_t83x90.jpg
67,703845,wed,죽음에 관하여 (재),https://shared-comic.pstatic.net/thumb/webtoon/703845/thumbnail/thumbnail_IMAG10_5093aeaa-f9c9-48bb-86e1-ad45c073216d.jpg
68,710747,wed,세상은 돈과 권력,https://shared-comic.pstatic.net/thumb/webtoon/710747/thumbnail/thumbnail_IMAG10_b1079a8d-2d5e-49df-8f30-05b3e215170b.jpg
69,670143,wed,헬퍼 2  킬베로스,https://shared-comic.pstatic.net/thumb/webtoon/670143/thumbnail/title_thumbnail_20160108202909_t83x90.jpg
70,710760,wed,이츠마인,https://shared-comic.pstatic.net/thumb/webtoon/710760/thumbnail/thumbnail_IMAG10_c87cd43e-e5a1-4b66-b0c5-c6f9bdbacd51.jpg
71,703307,wed,신암행어사,https://shared-comic.pstatic.net/thumb/webtoon/703307/thumbnail/thumbnail_IMAG10_0c6ab332-3b2b-4d18-bc97-b512c038087a.jpg
72,703308,wed,신석기녀,https://shared-comic.pstatic.net/thumb/webtoon/703308/thumbnail/thumbnail_IMAG10_33415f77-8f6d-4a14-aec9-fcaa74e20a8a.jpg
73,642598,wed,조선왕조실톡,https://shared-comic.pstatic.net/thumb/webtoon/642598/thumbnail/title_thumbnail_20160117000448_t83x90.jpg
74,675554,wed,가우스전자 시즌3~4,https://shared-comic.pstatic.net/thumb/webtoon/675554/thumbnail/thumbnail_IMAG10_66613407-1041-4f4f-ad8a-1983361f932e.jpg
75,701535,wed,격기 3반,https://shared-comic.pstatic.net/thumb/webtoon/701535/thumbnail/thumbnail_IMAG10_fbf4c573-a426-4e0c-80e8-620286e58986.jpg
76,603159,wed,레사 시즌2~3,https://shared-comic.pstatic.net/thumb/webtoon/603159/thumbnail/thumbnail_IMAG10_9c8174b9-022f-466f-acd5-1274aecee71c.jpg
77,694131,wed,퍼스트 미션,https://shared-comic.pstatic.net/thumb/webtoon/694131/thumbnail/thumbnail_IMAG10_ccaed3e0-d0ef-4336-9615-03bfbf8ba038.jpg
78,644180,wed,하루 3컷,https://shared-comic.pstatic.net/thumb/webtoon/644180/thumbnail/title_thumbnail_20141231175152_t83x90.jpg
79,671421,wed,언덕 위의 제임스,https://shared-comic.pstatic.net/thumb/webtoon/671421/thumbnail/thumbnail_IMAG10_b0f7d54d-f2f8-4b8e-a521-f8dd96ff65f1.jpg
80,703628,wed,성공한 덕후,https://shared-comic.pstatic.net/thumb/webtoon/703628/thumbnail/thumbnail_IMAG10_eed4a3ca-783c-4bac-baaf-08ac5c3fab74.jpg
81,697533,wed,미시령,https://shared-comic.pstatic.net/thumb/webtoon/697533/thumbnail/thumbnail_IMAG10_d8ba91a4-6234-4699-a44e-34d03b5c5429.jpg
82,712548,wed,성공의 비밀,https://shared-comic.pstatic.net/thumb/webtoon/712548/thumbnail/thumbnail_IMAG10_f33c5c73-8eb4-4a88-b029-ff609beba8b4.jpg
83,703849,wed,요리GO,https://shared-comic.pstatic.net/thumb/webtoon/703849/thumbnail/thumbnail_IMAG10_b903b6f6-bb52-4307-9060-8933a78a188c.jpg
84,694806,wed,야채호빵의 봄방학,https://shared-comic.pstatic.net/thumb/webtoon/694806/thumbnail/thumbnail_IMAG10_ba63efc6-09c0-4e75-9f7c-e5ac61d24c53.jpg
85,708453,wed,고교생을 환불해 주세요,https://shared-comic.pstatic.net/thumb/webtoon/708453/thumbnail/thumbnail_IMAG10_69cb35b2-c6a9-48b5-be7d-b3edb16eb6f0.jpg
86,703633,wed,"안녕, 대학생",https://shared-comic.pstatic.net/thumb/webtoon/703633/thumbnail/thumbnail_IMAG10_bb71f1fd-2777-4406-b107-505257fec051.jpg
87,316909,wed,그 판타지 세계에서 사는 법,https://shared-comic.pstatic.net/thumb/webtoon/316909/thumbnail/thumbnail_IMAG10_da706b81-7dc2-456f-a047-0a67c0c48ab7.jpg
88,710765,wed,펀브로커,https://shared-comic.pstatic.net/thumb/webtoon/710765/thumbnail/thumbnail_IMAG10_4c201cc2-b967-480c-802d-d988de8e1a3e.jpg
89,713915,wed,내 ID는 강남미인! - 둘만의 시간,https://shared-comic.pstatic.net/thumb/webtoon/713915/thumbnail/thumbnail_IMAG10_965766f9-c94e-4d50-a035-840b4f705f08.jpg
90,709992,wed,옆반의 인어,https://shared-comic.pstatic.net/thumb/webtoon/709992/thumbnail/thumbnail_IMAG10_49513548-d3b7-4c2a-b9a5-5c31c4e82e60.jpg
91,681453,wed,지금 이 순간 마법처럼,https://shared-comic.pstatic.net/thumb/webtoon/681453/thumbnail/thumbnail_IMAG10_864695b9-5f82-4f13-9702-57890ecb3f21.jpg
92,635174,wed,씬커,https://shared-comic.pstatic.net/thumb/webtoon/635174/thumbnail/title_thumbnail_20161108161056_t83x90.jpg
93,602916,wed,칼부림,https://shared-comic.pstatic.net/thumb/webtoon/602916/thumbnail/thumbnail_IMAG10_2669be3e-94eb-465e-8c03-b769dd08a490.jpg
94,703835,wed,1인용 기분,https://shared-comic.pstatic.net/thumb/webtoon/703835/thumbnail/thumbnail_IMAG10_2415a124-c69d-4c47-9116-0ce099298f2c.jpg
95,697254,wed,푸른사막 아아루,https://shared-comic.pstatic.net/thumb/webtoon/697254/thumbnail/thumbnail_IMAG10_373726b6-d41b-4a6d-bb8e-68b6e344471f.jpg
96,708427,wed,만 화 고,https://shared-comic.pstatic.net/thumb/webtoon/708427/thumbnail/thumbnail_IMAG10_d891090a-9c86-4523-a943-823b1636e489.jpg
97,697685,thu,신과함께 (재),https://shared-comic.pstatic.net/thumb/webtoon/697685/thumbnail/thumbnail_IMAG10_f8d868ff-0505-498c-ac37-d11a7f952496.jpg
98,570503,thu,연애혁명,https://shared-comic.pstatic.net/thumb/webtoon/570503/thumbnail/thumbnail_IMAG10_5719a3fe-81f4-4a0c-8c27-eca1631e8384.jpg
99,557672,thu,기기괴괴,https://shared-comic.pstatic.net/thumb/webtoon/557672/thumbnail/title_thumbnail_20130508182053_t83x90.jpg
100,708378,thu,타인은 지옥이다,https://shared-comic.pstatic.net/thumb/webtoon/708378/thumbnail/thumbnail_IMAG10_a274b9a0-0775-44b2-b34f-3199b07a4db4.jpg
101,679519,thu,대학일기,https://shared-comic.pstatic.net/thumb/webtoon/679519/thumbnail/title_thumbnail_20160601180804_t83x90.jpg
102,710761,thu,하드캐리,https://shared-comic.pstatic.net/thumb/webtoon/710761/thumbnail/thumbnail_IMAG10_9f8253a1-2318-4c0d-8d9e-f044f2203d4c.jpg
103,570506,thu,최강전설 강해효,https://shared-comic.pstatic.net/thumb/webtoon/570506/thumbnail/title_thumbnail_20130710192300_t83x90.jpg
104,704595,thu,이말년씨리즈 2018,https://shared-comic.pstatic.net/thumb/webtoon/704595/thumbnail/thumbnail_IMAG10_fc5132c6-092a-4188-9b78-e60ab13b4c68.jpg
105,699659,thu,좋아하는 부분,https://shared-comic.pstatic.net/thumb/webtoon/699659/thumbnail/thumbnail_IMAG10_63f587f6-3f4e-409e-a83a-d3caf039d167.jpg
106,131385,thu,쿠베라,https://shared-comic.pstatic.net/thumb/webtoon/131385/thumbnail/thumbnail_IMAG10_c5053bcc-3b95-473d-bfe1-e4256bf56b58.jpg
107,699415,thu,간 떨어지는 동거,https://shared-comic.pstatic.net/thumb/webtoon/699415/thumbnail/thumbnail_IMAG10_b309bb62-635c-4356-99ed-d27f0a554592.jpg
108,637931,thu,전자오락수호대,https://shared-comic.pstatic.net/thumb/webtoon/637931/thumbnail/thumbnail_IMAG10_064f190a-2f70-4149-b9af-760bfdede057.jpg
109,703847,thu,35cm,https://shared-comic.pstatic.net/thumb/webtoon/703847/thumbnail/thumbnail_IMAG10_84e87edb-b292-4d7d-bd7e-c04f1f07de39.jpg
110,675554,thu,가우스전자 시즌3~4,https://shared-comic.pstatic.net/thumb/webtoon/675554/thumbnail/thumbnail_IMAG10_66613407-1041-4f4f-ad8a-1983361f932e.jpg
111,670144,thu,가담항설,https://shared-comic.pstatic.net/thumb/webtoon/670144/thumbnail/title_thumbnail_20151230192753_t83x90.jpg
112,710768,thu,아르마,https://shared-comic.pstatic.net/thumb/webtoon/710768/thumbnail/thumbnail_IMAG10_61bff966-0dcc-4a32-b6aa-9d6eb0c9612a.jpg
113,703836,thu,파도를 찾아라!,https://shared-comic.pstatic.net/thumb/webtoon/703836/thumbnail/thumbnail_IMAG10_9a45ab7a-8135-41be-8c81-85e713043f90.jpg
114,713334,thu,이름을 불러주세요,https://shared-comic.pstatic.net/thumb/webtoon/713334/thumbnail/thumbnail_IMAG10_52d5d62b-ddae-4df1-95ff-9721ac73404e.jpg
115,701700,thu,트롤트랩,https://shared-comic.pstatic.net/thumb/webtoon/701700/thumbnail/thumbnail_IMAG10_356f4c5a-804a-4417-b60d-810e555d4359.jpg
116,644180,thu,하루 3컷,https://shared-comic.pstatic.net/thumb/webtoon/644180/thumbnail/title_thumbnail_20141231175152_t83x90.jpg
117,707671,thu,소유,https://shared-comic.pstatic.net/thumb/webtoon/707671/thumbnail/thumbnail_IMAG10_0d9e9403-412a-4848-9f8c-3f98b49bd2ff.jpg
118,710639,thu,5kg을 위하여,https://shared-comic.pstatic.net/thumb/webtoon/710639/thumbnail/thumbnail_IMAG10_b8254d4d-67b7-4f18-867b-1ff63e5f304a.jpg
119,646358,thu,백귀야행지,https://shared-comic.pstatic.net/thumb/webtoon/646358/thumbnail/title_thumbnail_20150120174956_t83x90.jpg
120,710755,thu,그랜드 배틀 토너먼트,https://shared-comic.pstatic.net/thumb/webtoon/710755/thumbnail/thumbnail_IMAG10_c5aa159d-596e-417a-a575-efc4c7c06bc2.jpg
121,579352,thu,에피소드칵테일,https://shared-comic.pstatic.net/thumb/webtoon/579352/thumbnail/title_thumbnail_20130806193438_t83x90.jpg
122,693444,thu,Doll 체인지,https://shared-comic.pstatic.net/thumb/webtoon/693444/thumbnail/thumbnail_IMAG10_35e3e217-ec81-4f9c-9bb6-36c2bc956b68.jpg
123,657948,thu,서북의 저승사자,https://shared-comic.pstatic.net/thumb/webtoon/657948/thumbnail/title_thumbnail_20150701000805_t83x90.jpg
124,694805,thu,하나의 하루,https://shared-comic.pstatic.net/thumb/webtoon/694805/thumbnail/thumbnail_IMAG10_3355c338-805b-48cb-98d0-c7589297b66e.jpg
125,710748,thu,호러와 로맨스,https://shared-comic.pstatic.net/thumb/webtoon/710748/thumbnail/thumbnail_IMAG10_bd034f3d-a958-498b-bf0e-1518cef2b407.jpg
126,670145,thu,킬더킹,https://shared-comic.pstatic.net/thumb/webtoon/670145/thumbnail/title_thumbnail_20160105121235_t83x90.jpg
127,160469,thu,특수 영능력 수사반,https://shared-comic.pstatic.net/thumb/webtoon/160469/thumbnail/title_thumbnail_20100616174201_t83x90.jpg
128,710390,thu,비둘기가 물고 온 남자,https://shared-comic.pstatic.net/thumb/webtoon/710390/thumbnail/thumbnail_IMAG10_7c16a585-dd55-48a3-b382-4264b7da7dd2.jpg
129,703629,thu,열대어,https://shared-comic.pstatic.net/thumb/webtoon/703629/thumbnail/thumbnail_IMAG10_e92d5bd9-01a6-462a-9bd8-6b8e697875ea.jpg
130,641253,fri,외모지상주의,https://shared-comic.pstatic.net/thumb/webtoon/641253/thumbnail/title_thumbnail_20141120112141_t83x90.jpg
131,318995,fri,갓 오브 하이스쿨,https://shared-comic.pstatic.net/thumb/webtoon/318995/thumbnail/title_thumbnail_20110407182655_t83x90.jpg
132,701081,fri,스위트홈,https://shared-comic.pstatic.net/thumb/webtoon/701081/thumbnail/thumbnail_IMAG10_7120be5e-b5c7-4727-aba5-cb500c6098ab.jpg
133,670149,fri,테러맨,https://shared-comic.pstatic.net/thumb/webtoon/670149/thumbnail/thumbnail_IMAG10_e7b9a026-42a9-447c-a5b5-af0c71626e50.jpg
134,552960,fri,더 게이머,https://shared-comic.pstatic.net/thumb/webtoon/552960/thumbnail/title_thumbnail_20130905153649_t83x90.jpg
135,651664,fri,밥 먹고 갈래요,https://shared-comic.pstatic.net/thumb/webtoon/651664/thumbnail/title_thumbnail_20150326153630_t83x90.jpg
136,710754,fri,화장 지워주는 남자,https://shared-comic.pstatic.net/thumb/webtoon/710754/thumbnail/thumbnail_IMAG10_88e596b9-3712-4ff4-95a7-280b663200ae.jpg
137,119874,fri,덴마,https://shared-comic.pstatic.net/thumb/webtoon/119874/thumbnail/title_thumbnail_20150706185233_t83x90.jpg
138,712362,fri,개를 낳았다,https://shared-comic.pstatic.net/thumb/webtoon/712362/thumbnail/thumbnail_IMAG10_568fc3ff-2c5f-40f9-a8d0-34c3e59fa0a5.jpg
139,668101,fri,결계녀,https://shared-comic.pstatic.net/thumb/webtoon/668101/thumbnail/title_thumbnail_20151203204442_t83x90.jpg
140,711422,fri,삼국지톡,https://shared-comic.pstatic.net/thumb/webtoon/711422/thumbnail/thumbnail_IMAG10_c2333dc0-c699-41e4-8507-6b4bcd16b903.jpg
141,700844,fri,걸어서 30분,https://shared-comic.pstatic.net/thumb/webtoon/700844/thumbnail/thumbnail_IMAG10_7511a21d-75f1-4ac8-9d24-df2e89f535b2.jpg
142,675554,fri,가우스전자 시즌3~4,https://shared-comic.pstatic.net/thumb/webtoon/675554/thumbnail/thumbnail_IMAG10_66613407-1041-4f4f-ad8a-1983361f932e.jpg
143,710081,fri,암흑도시,https://shared-comic.pstatic.net/thumb/webtoon/710081/thumbnail/thumbnail_IMAG10_da068076-1e25-4174-81db-1abd73769f0f.jpg
144,644180,fri,하루 3컷,https://shared-comic.pstatic.net/thumb/webtoon/644180/thumbnail/title_thumbnail_20141231175152_t83x90.jpg
145,708452,fri,냐한남자,https://shared-comic.pstatic.net/thumb/webtoon/708452/thumbnail/thumbnail_IMAG10_a6869252-f41d-4dfc-8f43-db2714798982.jpg
146,678499,fri,공대생 너무만화,https://shared-comic.pstatic.net/thumb/webtoon/678499/thumbnail/title_thumbnail_20160503224849_t83x90.jpg
147,709732,fri,하르모니아,https://shared-comic.pstatic.net/thumb/webtoon/709732/thumbnail/thumbnail_IMAG10_31fc5ed9-747c-4fda-a7b4-f7112ef3f707.jpg
148,713294,fri,왕으로 살다,https://shared-comic.pstatic.net/thumb/webtoon/713294/thumbnail/thumbnail_IMAG10_5d620522-1f91-4336-8566-a6a87dd44733.jpg
149,710767,fri,엔드리스,https://shared-comic.pstatic.net/thumb/webtoon/710767/thumbnail/thumbnail_IMAG10_9635ed9a-7335-4c03-aa2f-ec0c9b07cd01.jpg
150,644112,fri,몽홀,https://shared-comic.pstatic.net/thumb/webtoon/644112/thumbnail/title_thumbnail_20150105174647_t83x90.jpg
151,713581,fri,내 여자친구는 상남자,https://shared-comic.pstatic.net/thumb/webtoon/713581/thumbnail/thumbnail_IMAG10_fce3c3c1-2356-4916-aba2-0f561f579c1c.jpg
152,711899,fri,와장창창! 자취맨,https://shared-comic.pstatic.net/thumb/webtoon/711899/thumbnail/thumbnail_IMAG10_c071339d-044d-43dc-9232-b3625a35d733.jpg
153,685460,fri,골든 체인지,https://shared-comic.pstatic.net/thumb/webtoon/685460/thumbnail/title_thumbnail_20161013114305_t83x90.jpg
154,696602,fri,연애학,https://shared-comic.pstatic.net/thumb/webtoon/696602/thumbnail/thumbnail_IMAG10_38a8b067-ae10-46c9-b5e3-233c0cef7a4d.jpg
155,578108,fri,강변살다,https://shared-comic.pstatic.net/thumb/webtoon/578108/thumbnail/title_thumbnail_20140127223051_t83x90.jpg
156,713915,fri,내 ID는 강남미인! - 둘만의 시간,https://shared-comic.pstatic.net/thumb/webtoon/713915/thumbnail/thumbnail_IMAG10_965766f9-c94e-4d50-a035-840b4f705f08.jpg
157,703854,fri,식스틴,https://shared-comic.pstatic.net/thumb/webtoon/703854/thumbnail/thumbnail_IMAG10_8a8a49a6-d16f-4cd5-8386-15cf735f15a1.jpg
158,696617,fri,피에는 피,https://shared-comic.pstatic.net/thumb/webtoon/696617/thumbnail/thumbnail_IMAG10_211651ba-ceb9-4093-9cdc-2ca234fa7f8f.jpg
159,709628,fri,나의 짝사랑 고백법,https://shared-comic.pstatic.net/thumb/webtoon/709628/thumbnail/thumbnail_IMAG10_b6183b6e-a7d8-46aa-be17-5f7b44f68eb1.jpg
160,703851,fri,꼬리,https://shared-comic.pstatic.net/thumb/webtoon/703851/thumbnail/thumbnail_IMAG10_d31dfbb9-f429-4e74-963e-8b6726b62465.jpg
161,679543,fri,아테나 컴플렉스,https://shared-comic.pstatic.net/thumb/webtoon/679543/thumbnail/title_thumbnail_20160602111920_t83x90.JPG
162,622643,fri,진눈깨비 소년,https://shared-comic.pstatic.net/thumb/webtoon/622643/thumbnail/title_thumbnail_20160719191308_t83x90.jpg
163,651673,sat,유미의 세포들,https://shared-comic.pstatic.net/thumb/webtoon/651673/thumbnail/thumbnail_IMAG10_3c7a2e4c-376e-4856-9f03-6ba554dcd62a.jpg
164,597447,sat,프리드로우,https://shared-comic.pstatic.net/thumb/webtoon/597447/thumbnail/title_thumbnail_20131102162055_t83x90.jpg
165,650305,sat,호랑이형님,https://shared-comic.pstatic.net/thumb/webtoon/650305/thumbnail/title_thumbnail_20161209212128_t83x90.jpg
166,703843,sat,비질란테,https://shared-comic.pstatic.net/thumb/webtoon/703843/thumbnail/thumbnail_IMAG10_c587a99e-c3e7-49a4-985a-88c8d950017f.jpg
167,642700,sat,공복의 저녁식사,https://shared-comic.pstatic.net/thumb/webtoon/642700/thumbnail/title_thumbnail_20141219235553_t83x90.jpg
168,677737,sat,대가리,https://shared-comic.pstatic.net/thumb/webtoon/677737/thumbnail/title_thumbnail_20160415184239_t83x90.jpg
169,670150,sat,나노리스트,https://shared-comic.pstatic.net/thumb/webtoon/670150/thumbnail/title_thumbnail_20160122200146_t83x90.jpg
170,670139,sat,부활남,https://shared-comic.pstatic.net/thumb/webtoon/670139/thumbnail/thumbnail_IMAG10_7293f981-bf32-45ae-b75e-df181b253688.jpg
171,704595,sat,이말년씨리즈 2018,https://shared-comic.pstatic.net/thumb/webtoon/704595/thumbnail/thumbnail_IMAG10_fc5132c6-092a-4188-9b78-e60ab13b4c68.jpg
172,682637,sat,놓지마 정신줄 시즌2,https://shared-comic.pstatic.net/thumb/webtoon/682637/thumbnail/title_thumbnail_20160729190602_t83x90.jpg
173,703630,sat,어글리후드,https://shared-comic.pstatic.net/thumb/webtoon/703630/thumbnail/thumbnail_IMAG10_f0337ccf-b55e-47d9-bb47-131b396f1bb6.jpg
174,622644,sat,아메리카노 엑소더스,https://shared-comic.pstatic.net/thumb/webtoon/622644/thumbnail/title_thumbnail_20150127152059_t83x90.jpg
175,706770,sat,언데드,https://shared-comic.pstatic.net/thumb/webtoon/706770/thumbnail/thumbnail_IMAG10_ea61efd9-4069-4998-81cd-e1f30f558c3b.jpg
176,710769,sat,2인용 인간,https://shared-comic.pstatic.net/thumb/webtoon/710769/thumbnail/thumbnail_IMAG10_dcc06312-0493-4633-9b0a-2f56f6fa3434.jpg
177,64997,sat,나이트런,https://shared-comic.pstatic.net/thumb/webtoon/64997/thumbnail/title_thumbnail_20110515001535_t83x90.jpg
178,679570,sat,귀각시,https://shared-comic.pstatic.net/thumb/webtoon/679570/thumbnail/title_thumbnail_20160617142441_t83x90.jpg
179,644180,sat,하루 3컷,https://shared-comic.pstatic.net/thumb/webtoon/644180/thumbnail/title_thumbnail_20141231175152_t83x90.jpg
180,616239,sat,윌유메리미,https://shared-comic.pstatic.net/thumb/webtoon/616239/thumbnail/title_thumbnail_20161031214436_t83x90.jpg
181,700843,sat,우리 오빠는 아이돌,https://shared-comic.pstatic.net/thumb/webtoon/700843/thumbnail/thumbnail_IMAG10_14880dfd-bb04-4b6e-a71e-20328751b164.jpg
182,710639,sat,5kg을 위하여,https://shared-comic.pstatic.net/thumb/webtoon/710639/thumbnail/thumbnail_IMAG10_b8254d4d-67b7-4f18-867b-1ff63e5f304a.jpg
183,712694,sat,MZ-레이징 인페르노,https://shared-comic.pstatic.net/thumb/webtoon/712694/thumbnail/thumbnail_IMAG10_e6e99b78-fec2-414f-bb8e-2fc0246aa043.jpg
184,703631,sat,방백남녀,https://shared-comic.pstatic.net/thumb/webtoon/703631/thumbnail/thumbnail_IMAG10_a08e8d07-ab88-4eaa-90e5-1085c606f4ee.jpg
185,708453,sat,고교생을 환불해 주세요,https://shared-comic.pstatic.net/thumb/webtoon/708453/thumbnail/thumbnail_IMAG10_69cb35b2-c6a9-48b5-be7d-b3edb16eb6f0.jpg
186,703839,sat,홍시는 날 좋아해!,https://shared-comic.pstatic.net/thumb/webtoon/703839/thumbnail/thumbnail_IMAG10_32bf5fad-670c-4673-b5d1-fd327e17f151.jpg
187,524520,sat,트럼프,https://shared-comic.pstatic.net/thumb/webtoon/524520/thumbnail/title_thumbnail_20161007190526_t83x90.jpg
188,710749,sat,고류 진,https://shared-comic.pstatic.net/thumb/webtoon/710749/thumbnail/thumbnail_IMAG10_c1164c0f-4421-48a9-bd77-a3990c237326.jpg
189,710764,sat,ㄹㅇ 관종,https://shared-comic.pstatic.net/thumb/webtoon/710764/thumbnail/thumbnail_IMAG10_32c79e47-33ed-4542-b79b-01fb3335c79b.jpg
190,702672,sat,노곤하개,https://shared-comic.pstatic.net/thumb/webtoon/702672/thumbnail/thumbnail_IMAG10_4313f60c-b034-49ae-9edc-877c859b64f3.jpg
191,705328,sat,환상적인 소년,https://shared-comic.pstatic.net/thumb/webtoon/705328/thumbnail/thumbnail_IMAG10_bbe95df8-1860-41b5-b03b-12bd4bc2cf21.jpg
192,697656,sun,조의 영역,https://shared-comic.pstatic.net/thumb/webtoon/697656/thumbnail/thumbnail_IMAG10_7d08e994-e6e9-437f-9001-e3cd28892a8a.jpg
193,708378,sun,타인은 지옥이다,https://shared-comic.pstatic.net/thumb/webtoon/708378/thumbnail/thumbnail_IMAG10_a274b9a0-0775-44b2-b34f-3199b07a4db4.jpg
194,654809,sun,스피릿 핑거스,https://shared-comic.pstatic.net/thumb/webtoon/654809/thumbnail/title_thumbnail_20150806141807_t83x90.jpg
195,670152,sun,열렙전사,https://shared-comic.pstatic.net/thumb/webtoon/670152/thumbnail/title_thumbnail_20160122210643_t83x90.jpg
196,710751,sun,약한영웅,https://shared-comic.pstatic.net/thumb/webtoon/710751/thumbnail/thumbnail_IMAG10_ca8874a5-25e5-492b-b1f3-ba4a52c2f3bf.jpg
197,557676,sun,다이스(DICE),https://shared-comic.pstatic.net/thumb/webtoon/557676/thumbnail/thumbnail_IMAG10_e44c2148-c07b-4ccb-b53a-1fee1c6e2122.jpg
198,651617,sun,연애의 정령,https://shared-comic.pstatic.net/thumb/webtoon/651617/thumbnail/thumbnail_IMAG10_6e112c5d-a48f-4eca-9e0f-b8f8fb048346.jpg
199,703307,sun,신암행어사,https://shared-comic.pstatic.net/thumb/webtoon/703307/thumbnail/thumbnail_IMAG10_0c6ab332-3b2b-4d18-bc97-b512c038087a.jpg
200,119874,sun,덴마,https://shared-comic.pstatic.net/thumb/webtoon/119874/thumbnail/title_thumbnail_20150706185233_t83x90.jpg
201,699658,sun,오늘도 사랑스럽개,https://shared-comic.pstatic.net/thumb/webtoon/699658/thumbnail/thumbnail_IMAG10_7a3fecc7-6bcf-4fcd-b1cb-101e8b480480.jpg
202,642598,sun,조선왕조실톡,https://shared-comic.pstatic.net/thumb/webtoon/642598/thumbnail/title_thumbnail_20160117000448_t83x90.jpg
203,684435,sun,구구까까,https://shared-comic.pstatic.net/thumb/webtoon/684435/thumbnail/title_thumbnail_20160820210349_t83x90.jpg
204,698469,sun,언원티드,https://shared-comic.pstatic.net/thumb/webtoon/698469/thumbnail/thumbnail_IMAG10_890975d8-f226-4e26-87b2-a002af9c9ebf.jpg
205,655746,sun,마법스크롤상인 지오,https://shared-comic.pstatic.net/thumb/webtoon/655746/thumbnail/thumbnail_IMAG10_0a5175a6-514f-47f8-8d70-6d3893d396c0.jpg
206,644180,sun,하루 3컷,https://shared-comic.pstatic.net/thumb/webtoon/644180/thumbnail/title_thumbnail_20141231175152_t83x90.jpg
207,713055,sun,호곡,https://shared-comic.pstatic.net/thumb/webtoon/713055/thumbnail/thumbnail_IMAG10_3d9f8073-002d-4634-98ca-444c97d0a540.jpg
208,675823,sun,감염자,https://shared-comic.pstatic.net/thumb/webtoon/675823/thumbnail/thumbnail_IMAG10_cc947103-4732-4895-aa93-3ffc1b51566c.jpg
209,690503,sun,도망자,https://shared-comic.pstatic.net/thumb/webtoon/690503/thumbnail/title_thumbnail_20170106153614_t83x90.jpg
210,710763,sun,황금의 핸드메이커,https://shared-comic.pstatic.net/thumb/webtoon/710763/thumbnail/thumbnail_IMAG10_96ab5771-9c3e-4118-a51f-d231c2121bff.jpg
211,697537,sun,허니허니 웨딩,https://shared-comic.pstatic.net/thumb/webtoon/697537/thumbnail/thumbnail_IMAG10_b3568141-bbd3-4bd2-85fd-7996263ad332.jpg
212,22897,sun,호랭총각,https://shared-comic.pstatic.net/thumb/webtoon/22897/thumbnail/thumbnail_title_22897_83x90.gif
213,695796,sun,내일,https://shared-comic.pstatic.net/thumb/webtoon/695796/thumbnail/thumbnail_IMAG10_715d2406-1940-48ad-9ca5-fb84693769b6.jpg
214,665170,sun,귀도호가록,https://shared-comic.pstatic.net/thumb/webtoon/665170/thumbnail/title_thumbnail_20151016184500_t83x90.jpg
215,710757,sun,완벽하지 않은 키스,https://shared-comic.pstatic.net/thumb/webtoon/710757/thumbnail/thumbnail_IMAG10_7411efd2-cc52-4275-8262-aa3e901d0b28.jpg
216,703841,sun,꽃 피는 날,https://shared-comic.pstatic.net/thumb/webtoon/703841/thumbnail/thumbnail_IMAG10_f6a90bdf-571f-43d7-a9a6-efb4d23b165a.jpg
217,703848,sun,파우스트 인 러브,https://shared-comic.pstatic.net/thumb/webtoon/703848/thumbnail/thumbnail_IMAG10_1d2ad4ac-5bec-41c2-9b4d-36469fefd666.jpg
218,703833,sun,점핑오버,https://shared-comic.pstatic.net/thumb/webtoon/703833/thumbnail/thumbnail_IMAG10_2f2d822e-e4fc-4433-8273-3053039a6208.jpg
219,697535,sun,웅이는 배고파,https://shared-comic.pstatic.net/thumb/webtoon/697535/thumbnail/thumbnail_IMAG10_18d07ed4-3a67-4e36-8406-c7d78f7aa163.jpg
220,626906,sun,패밀리 사이즈,https://shared-comic.pstatic.net/thumb/webtoon/626906/thumbnail/title_thumbnail_20150810235651_t83x90.jpg
221,703835,sun,1인용 기분,https://shared-comic.pstatic.net/thumb/webtoon/703835/thumbnail/thumbnail_IMAG10_2415a124-c69d-4c47-9116-0ce099298f2c.jpg
222,708427,sun,만 화 고,https://shared-comic.pstatic.net/thumb/webtoon/708427/thumbnail/thumbnail_IMAG10_d891090a-9c86-4523-a943-823b1636e489.jpg
223,703853,sun,수학 잘하는 법,https://shared-comic.pstatic.net/thumb/webtoon/703853/thumbnail/thumbnail_IMAG10_15e1a4f5-bbe4-454f-b86b-f810a162f9b7.jpg
