sido,gungu,address
제주특별자치도,신성로,제주시 신성로 19
세종특별자치시,고운서길,세종시 고운서길 10
세종특별자치시,국책연구원1로,"세종시 국책연구원1로 15, 상가A동 1층 102호"
세종특별자치시,소담동325,세종특별자치시 소담동325
제주특별자치도,서문로,서귀포시 서문로 49
제주특별자치도,일주동로,제주시 일주동로 378
제주특별자치도,승천로89,제주시 승천로89
제주특별자치도,사장2길31,제주시 사장2길31
세종특별자치시,누리로28,세종시 누리로28
서울특별시,사당동,동작구 사당동 312-9번지
서울특별시,관악,서울시 관악 신림 246-23
대구광역시,동구신천4동436-7,대구광역시 동구신천4동436-7
경상남도,단장면,밀양시 단장면 태룡리 407-5
경기도,일산동구,경기도 일산동구 산두로 213번길
경기도,김포,김포시 김포 한강9로 12번길 8-6 (구래동 6896-14)
경기도,화성,경기도 화성 태안 반월 360-8
경기도,,"경기도  안양시 동안구  엘에스로 45, 1층 117호(호계동, 대영골든타워)"
경기도,,"경기도  화성시  병점동로 126, 1층 101,102호"
경기도,,"경기도   오산시대호로 131, 1층 107호(궐동, 대유프라자)"
경기도,,"경기도  부천시  성주로 245, 102호(심곡본동, LG아트빌)"
경기도,,경기도   김포시   김포한강9로12번길 97-14 101호
충청남도,,충청남도  천안시 서북구  성정로 47-1
충청남도,,"충청남도  천안시 서북구   백석4길 31, 108호"
세종특별자치시,,"세종특별자치시  조치원읍   충현로 72,삼일상가@110호"
세종특별자치시,,"세종특별자치시   누리로 119, 첫마을아파트상가동 제비 103호"
충청북도,,충청북도  청주시 흥덕구 오송읍 만수길 14-4
강원도,,강원도  영월군  영월읍  중앙로 13
전라남도,,전라남도  순천시   연향1로 12
세종특별자치시,"도움1로74,","세종특별자치시 도움1로74, 상가동 1층 105호 (종촌동, 가재마을 10단지)"
세종특별자치시,한누리대로2129,"세종특별자치시 한누리대로2129 스타힐타워 2동 115,116호"
세종특별자치시,마음로151,세종특별자치시 마음로151 907동 1층
부산광역시,,부산광역시  영도구   절영로93번길 25-1
서울특별시,,서울특별시  마포구  망원로 6길 19
경상남도,,경상남도  창원시 마산회원 내서읍 삼계로 56
광주광역시,,"광주광역시  북구  양산택지로89, 1층(본촌동)"
세종특별자치시,보람동,세종시 보람동 628-4
세종특별자치시,고운동,세종 고운동 1718
세종특별자치시,새롬북로,세종특별자치시  새롬북로 13
경기도,광명시소하로,경기 광명시소하로 189
세종특별자치시,시청대로,세종특별자치시 시청대로 20
