,1위,2위,3위,4위,5위,6위,7위,8위,9위,10위
9,출시,자리,순서,티어,근접,안치,심심찮,전송,발견,참여
26,리뷰,자체,다해,재미,웰컴,느낌,내내,꼴등,잘못,트롭
29,달이,고요,라면,시점,아주,지속,개속,챔피언쉽,기만,종종
31,경기,느낌,가해,전혀,외국인,사면,모든,경제,운영,연승
36,병목현상,심심찮,배터리,존나,도딱,이메일,순서,슈퍼,이기,번호
47,기간,카드,불가능,데미지,챔피언십,보기,투자,가나,자책골,트러피
56,여러가지,대책,수가,초보자,강제,도로,초과,사이,편차,활동
58,연승,경제,운영,확인,튕길때,었기,상품,승인,옛날,이벤트
59,잡고,챔피언,얼릉,방해,중이,퍼셀,만기,아주,타워,젠진
138,용량,패배,능력,굳이,요구,만하,도로,엠즈,수가,매너
155,데미지,아기자기,대미,트러피,영상,보기,콜드,설명,몇개,돌진
183,대화,챔피언십,월드,최근,나머지,워낙,거나,투자,국가,기기
193,대미,보기,건가,설명,카드,트러피,데미지,영상,불가능,콜드
219,중이,챔피언쉽,달이,지속,가장,고요,크게,격감,라면,프로
267,여러가지,짓거리,잡지,본전,활동,수가,초보자,소원,배치,마리
342,대미,보기,트러피,카드,면서,데미지,아기자기,가나,영상,콜드
356,카운트,지면,반복,순서,라면,좃망겜,상상,실망,고요,이스트
365,나머지,거나,기기,대미,대기,콜드,따리,트러피,뭐임,면서
369,가요,지속,라면,고요,매일,중이,출시,방금,권유,시점
371,라면,상상,고요,이스트,가기,실망,프로,순서,사람과,구축
378,고요,상상,가기,라면,순서,지속,프로,챔피언쉽,중이,사람과
382,초과,수가,어쩌,패배,종종,징계,도로,요구,대규모,만하
410,특수,건가,대학생,발사,마스코트,자책골,지장,여름,데미지,윤기
472,컴팩,대미,거나,나머지,뭐임,밸런스,기기,항의,연못,무조건
474,콜드,아기자기,대미,트러피,특성,설명,격감,영상,궁극,연승
489,라우트,면서,언쟁,거마,항의,롤스터,일반,불가능,대고,생태계
505,트러피,데미지,영상,콜드,실망,돌진,이벤트,사람과,설명,이스트
513,뭣같,외국인,발사체,모든,포코,가해,느낌,다이너마이트,지기,전체
515,트러피,실망,이스트,영상,아기자기,이벤트,콜드,데미지,돌진,사람과
516,여러가지,분신,본전,무조건,초보자,스트,짓거리,수가,포스,로만
518,최적화,자체,리뷰,또업뎃되,연승,었기,최대한,도로,다해,아시
522,콜드,대미,트러피,컴팩,아기자기,설명,특성,나머지,데미지,편차
537,매일,도딱,이메일,출시,순서,인증,가요,심심찮,랙문제,싸구려
599,활동,궁극,잡지,강제,떳음,수가,배치,형편,었기,사이
602,크게,월드,무조건,기만,가장,참여,대화,나머지,오백,본전
610,콜트,움직,의미,천원,지게,일일,짜증,는데,상향,영어
628,고요,기만,프로,상상,가장,순서,크게,라면,월드,카운트
635,챔피언십,대화,최근,투자,트러피,워낙,데미지,나머지,기기,카운트
644,이벤트,튕길때,이스트,실망,라면,클랜,챔피언쉽,아기자기,영상,강제
669,자책골,조작,대학생,몇개,불가능,지원,건가,마스코트,매우,특수
684,의미,출시,초기,천원,복구,권장,콜트,습니,화병,가요
693,튕길때,이벤트,이스트,격감,종종,클랜,대책,사이,형편,요구
694,여러가지,궁극,사이,활동,격감,대책,종종,수가,강제,콜드
708,지속,중이,가요,시점,방금,고요,라면,달이,권유,개성
710,대미,거나,트러피,기기,면서,콜드,사전예약,가나,나머지,회사
737,잡고,타워,만기,중이,젠진,아주,배치,폰트,하니,퍼셀
742,이동속도,모든,도로,제작자,발사체,뭣같,연승,만하,전투,전체
743,콜드,이벤트,영상,특성,트러피,실망,설명,데미지,유도,돌진
793,고요,기만,가장,라면,크게,지속,상상,프로,달이,챔피언쉽
797,활동,궁극,배치,강제,수가,사이,여러가지,본전,보통,잡지
802,일정,악의,끼리,상향,천원,의미,관여도,판정,영어,는데
812,콜드,트러피,영상,아기자기,특성,이벤트,대미,실망,설명,데미지
838,콜드,대미,데미지,나머지,트러피,아기자기,최근,거나,영상,컴팩
847,도딱,심심찮,이메일,순서,존나,번호,배터리,싸구려,잔나,병목현상
854,일일,케릭,천원,짜증,가업,을해,의미,권장,지랄,그레
862,카운트,대화,존나,그다음,한지,투자,순서,버전,챔피언십,지면
873,무조건,여러가지,본전,븅신들,따리,기만,크게,짓거리,가장,참여
874,여러가지,기만,포스,가장,무조건,콜트,짓거리,차별,달라,참여
877,이벤트,실망,돌진,이스트,영상,두시,사람과,튕길때,몇개,상품
880,방해,눈줄,빅브,잡지,챔피언,돼지,순간,모션,노가다,잡고
895,트러피,데미지,사람과,워낙,콜드,최근,챔피언십,나머지,대화,영상
938,패배,수가,초과,여러가지,어쩌,종종,요구,삼인큔데,만하,클래쉬
941,콜드,본전,여러가지,격감,나머지,만회,무조건,트러피,출석,짓거리
956,이벤트,아기자기,영상,실망,이스트,트러피,특성,튕길때,설명,콜드
973,나머지,트러피,본전,무조건,워낙,콜드,최근,크게,만회,참여
974,가장,기만,좀더,화병,출시,지속,콜트,적응,차별,숫자
976,수가,활동,도로,었기,연승,궁극,아시,챔피언,대책,잡지
980,따리,오백,린데,무조건,븅신들,바람,알파벳,타고,터치,한국
984,크게,가장,기만,월드,상상,참여,여러가지,무조건,본전,챔피언쉽
989,가장,기만,콜트,짓거리,크게,좀더,무조건,여러가지,교전,참여
1002,도딱,이메일,심심찮,이기,순서,존나,싸구려,번호,배터리,씨발
1006,뭣같,연승,발사체,대미,건가,포코,경제,외국인,어제,지기
1011,대미,트러피,데미지,콜드,카드,면서,기기,보기,컴팩,영상
1016,활동,궁극,었기,연승,수가,아시,보통,강제,도로,만기
1017,심심찮,순서,이메일,존나,이기,씨발,출시,번호,발견,가기
1023,여러가지,가장,달이,기만,크게,프로,격감,짓거리,시점,본전
1039,여러가지,무조건,본전,븅신들,짓거리,알파벳,만회,가장,마리,콜트
1041,불가능,기간,카드,보기,가나,트러피,드릅,대화,영상,카운트
1049,아기자기,특성,요구,콜드,대책,종종,튕길때,징계,초과,사이
1051,도로,수가,었기,패배,만하,명의,일주일,요구,용량,굳이
1054,기기,나머지,거나,따리,면서,대기,대화,대미,투자,트러피
1078,트러피,기기,대미,거나,대화,콜드,투자,최근,나머지,면서
1085,도딱,아이패드,개발자,둘째,심심찮,이메일,이기,싸구려,슈퍼셀,배터리
1086,심심찮,존나,순서,카운트,번호,이메일,이기,씨발,버전,도핑
1088,가장,기만,크게,콜트,교전,마리,좀더,여러가지,적응,짓거리
1094,안드로메다,복구,러시,무제한,드른,개성,튜토리얼,습니,잡고,가요
1102,특수,건가,외국인,발사,뭣같,라우트,트롤러,언쟁,보기,대학생
1104,돌진,자책골,선물,사람과,실망,도핑,유도,카운트,불가능,기간
1107,보기,대고,여름,카드,언쟁,가나,마스코트,라든지,기간,트롤러
1112,개꿀잼,사임,인앱,키좀,찬양,레알,황소개구리,증가,오해,거리
1116,돌진,데미지,유도,사람과,최근,챔피언십,카운트,버전,실망,선물
1119,가요,습니,중이,지속,숫자,출시,전송,개성,방금,무제한
1120,배치,여러가지,짓거리,만회,본전,활동,일어나고,궁극,중이,격감
1133,배터리,심심찮,병목현상,이메일,사랑,존나,도딱,잔나,번호,확율점
1134,건가,포코,외국인,라우트,보기,여름,트롤러,대미,불가능,매치
1153,불가능,로봇,건가,카드,보기,트롤러,대고,여름,언쟁,발사
1158,발사체,도로,뭣같,모든,이동속도,어제,연승,전투,대규모,징계
1163,사람과,카운트,순서,챔피언십,워낙,최근,실망,존나,버전,대화
1173,존나,순서,카운트,심심찮,버전,반대,번호,챔피언십,거짓말,이메일
1175,기간,가나,카드,투자,기기,대고,정보,보기,면서,무한
1176,는데,끼리,상향,누가,발생,일정,근접,콜트,개판,법도
1178,카드,보기,투자,불가능,기간,데미지,기기,대화,가나,선물
1179,가기,사람과,순서,편이,번호,전송,고요,존나,돌진,상상
1191,잡고,하니,만기,잡지,배치,타워,방해,중이,엄첨,러시
1195,활동,콜드,궁극,격감,특성,여러가지,보통,강제,사이,대미
1199,항의,어제,불가능,대미,보기,아기자기,랙땜애,설명,카드,트러피
1203,무조건,본전,콜드,만회,나머지,궁극,여러가지,대미,컴팩,트러피
1204,자책골,불가능,건가,대고,마스코트,조작,대학생,특수,보기,지원
1205,라면,순서,고요,가기,카운트,상상,프로,플러스,지속,사람과
1211,출시,쪼금,매일,랙문제,인증,이기,요구사항,시일,심심찮,이메일
1217,순서,사람과,가기,라면,플러스,번호,고요,실망,카운트,도핑
1230,돌진,실망,이스트,사람과,이벤트,트러피,데미지,영상,챔피언쉽,상상
1254,본전,만회,로만,짓거리,무조건,여러가지,알파벳,궁극,해욮,배치
1274,전체,경제,전투,대규모,연승,뭣같,튕길때,외국인,가해,발사체
1295,가요,시점,지속,권유,개속,잡고,라면,그냥,러시,방금
1303,기만,워낙,가장,챔피언쉽,라면,상상,클랜,크게,지속,개속
1320,배치,중이,활동,궁극,격감,보통,하니,아주,달이,여러가지
1321,달이,중이,이벤트,지속,형편,챔피언쉽,격감,라면,튕길때,이스트
1333,도딱,심심찮,씨발,매일,출시,랙문제,쪼금,이기,순서,싸구려
1339,최근,대화,트러피,나머지,챔피언십,월드,데미지,워낙,사람과,상상
1346,나머지,최근,거나,투명,따리,무조건,국가,본전,부디,챔피언십
1348,대미,콜드,연승,데미지,설명,특성,아기자기,트러피,영상,특수
1359,퍼셀,아시,챔피언,떳음,었기,라서,얼릉,눈줄,엄첨,잡지
1367,관리,딴사람,된거,오브,몆주째,러브,항상,개선,차이,싱점
1373,는데,콜트,누가,상향,근접,가업,끼리,프리,개판,통신
1390,도딱,플러스,싸구려,이메일,순서,라면,번호,매일,가기,고요
1400,콜드,여러가지,대미,궁극,활동,편차,격감,특성,본전,분신
1409,가요,매일,라면,고요,지속,출시,린지,순서,랙문제,플러스
1421,궁극,었기,활동,연승,튕길때,요구,보통,사이,특성,콜드
1432,매일,가요,한번,출시,도딱,랙문제,인증,쪼금,미스터,복구
1435,선물,카운트,기간,슈퍼,도핑,자책골,불가능,대고,버전,무한
1446,중이,배치,지속,하루,심해,달이,전송,챔피언쉽,일어나고,가기
1454,데미지,사람과,돌진,실망,이벤트,트러피,유도,콜드,챔피언쉽,최근
1474,뭣같,외국인,포코,발사체,어제,가해,전투,건가,연승,경제
1488,아기자기,콜드,특성,대미,트러피,영상,설명,연승,격감,강제
1490,카운트,선물,슈퍼,티밍합니,도핑,무한,상품,차감,유도,대고
1506,뭣같,발사체,연승,어제,포코,전투,대미,경제,외국인,특성
1511,기만,티어,출시,권유,예전,화병,가장,씨발,매일,의미
1527,가요,지속,러시,방금,중이,잡고,시점,개성,한번,매일
1543,트롤러,건가,대고,증가,대학생,외국인,불가능,조작,특별,윤기
1545,순서,존나,가기,번호,사람과,이메일,카운트,고요,상상,버전
1552,여러가지,짓거리,마리,무조건,콜트,가장,본전,포스,크게,기만
1554,골대,대화,오백,절로,린데,뱅뱅,어가,성기,투자,무작위
1567,잡지,대해,방해,잡고,소원,개속,순간,활동,챔피언,여러가지
1572,여러가지,본전,활동,짓거리,배치,만회,궁극,격감,강제,무조건
1577,가요,매일,한번,출시,인증,지속,랙문제,라면,고요,전송
1582,중이,지속,시점,라면,고요,프로,달이,방금,권유,챔피언쉽
1584,느낌,외국인,모든,포코,거기,사임,뭣같,경기,다이너마이트,재사용
1587,건가,뭣같,외국인,대미,대학생,발사체,보기,연승,지원,일반
1606,연승,었기,최적화,경제,아시,최대한,활동,보통,파괴,뭣같
1609,가장,시점,기만,고요,지속,크게,달이,개속,권유,중이
1613,대릴,아빠,가족,쓸모,체력,그거,증감,대신,일시,유독
1616,머리,지장,역전,승인,대체,돌진,유도,자책골,회사,특수
1622,콜드,대미,트러피,설명,편차,대한민국,아기자기,연못,발사체,나머지
1632,건가,트롤러,여름,마스코트,대고,대학생,특수,로봇,발사,윤기
1636,심심찮,존나,순서,카운트,그다음,버전,월드,고요,대화,남성
1640,로얄,제로,대규모,종종,클래쉬,전투,요구,튕길때,돈돞안,보완
1641,가요,라면,지속,권유,시점,방금,중이,클랜,플러스,고요
1653,가요,러시,잡고,예전,노가다,그냥,시점,오류로,한번,권유
1656,종종,아기자기,요구,사이,초과,여러가지,격감,대책,콜드,대규모
1662,영상,건가,설명,특수,몇개,대학생,대미,데미지,연승,보기
1675,시일,가면,의미,출시,컨텐츠,초기,슈퍼셀,이제,참고,개발자
1678,해주시,만날,체력,괺팒아,가족,타이밍,아빠,변경,그거,잡기
1680,출시,의미,화병,매일,기만,사거리,상향,권유,티어,가요
1696,도딱,씨발,심심찮,순서,이기,이메일,싸구려,매일,존나,구매
1717,사람과,순서,최근,가기,돌진,워낙,챔피언십,천지,실망,상상
1719,일본어,절로,투명,탱커,어가,투자,국가,기기,성기,뱅뱅
1724,도딱,싸구려,이메일,심심찮,매일,순서,이기,씨발,랙문제,플러스
1730,도저히,눈줄,대해,자체,타라,버벅,챔피언,로딩,순간,방해
1741,콜드,본전,격감,일어나고,만회,궁극,배치,여러가지,강제,보통
1758,중이,지속,하루,배치,심해,달이,전송,숫자,개성,습니
1773,돌진,사람과,실망,이벤트,데미지,유도,영상,트러피,유튜브,승인
1774,법도,움직임,발생,끼리,참가,누가,관여도,일정,개판,는데
1786,여러가지,본전,분신,활동,무조건,콜드,궁극,격감,수가,연못
1789,순서,이메일,매일,가요,출시,도딱,고요,가기,라면,싸구려
1791,가해,느낌,경기,전혀,외국인,채택,테이크다운,리뷰,모든,뭣같
1799,중이,지속,시점,달이,방금,프로,라면,배치,고요,아주
1800,거나,기기,나머지,최근,투자,챔피언십,데미지,투명,대화,트러피
1804,복구,이제,을해,분명,환경,케릭,비번,기억,도대체,가면
1807,조작,지원,트롤러,대고,윤기,자꾸만,자책골,대학생,불가능,마스코트
1818,달이,여러가지,아주,배치,시점,짓거리,중이,기만,격감,포스
1821,배치,짓거리,하니,잡지,움직,모션,로만,활동,콜트,중이
1825,수가,활동,궁극,여러가지,도로,잡지,강제,챔피언,방해,분신
1826,폰트,젠진,타워,퍼셀,잡고,얼릉,이후,문의,방금,계발
1830,대미,콜드,트러피,교란,회사,뭐임,연못,대한민국,사전예약,나머지
1848,출시,전송,참여,고요,좀더,숫자,순서,콜트,가장,적응
1854,린지,출시,씨발,매일,기만,성능,화병,발견,지속,상상
1855,다가,능력,만하,초과,패배,삼인큔데,수가,사용자,클래쉬,어쩌
1878,투척,절로,한숨,아예,속도,초딩,어가,방식,뱅뱅,표현
1890,존나,슈퍼,번호,버전,카운트,반대,순서,챔피언십,거짓말,사람과
1900,대미,발사체,편차,콜드,아기자기,어제,컴팩,뭣같,대한민국,도로
1902,매일,도딱,씨발,출시,쪼금,랙문제,가요,이기,싸구려,이메일
1904,도딱,이메일,심심찮,싸구려,이기,쪼금,매일,둘째,인증,랙문제
1913,존나,심심찮,카운트,버전,순서,이기,제도,씨발,반대,아예
1914,심심찮,이메일,존나,배터리,이기,순서,도딱,잔나,번호,확율
1918,콜트,개판,짓거리,숫자,참여,본전,적응,만회,좀더,근접
1925,기만,티어,사거리,상향,근접,출시,콜트,가장,성능,참여
1929,콜드,실망,트러피,이스트,돌진,챔피언쉽,격감,이벤트,영상,사람과
1932,순서,존나,이메일,번호,심심찮,가기,사람과,전송,반대,고요
1934,기만,워리어,권유,가장,여러가지,예전,븅신들,클랜,반복,종종
1935,절로,존나,성기,무작위,어가,탱커,투척,뱅뱅,골대,년전
1955,도딱,이메일,심심찮,순서,싸구려,번호,배터리,존나,이기,확율
1956,도딱,이메일,심심찮,순서,싸구려,번호,배터리,존나,이기,확율
1977,느낌,외국인,모든,뭣같,포코,다이너마이트,가해,사임,거기,경기
1978,소통,인식,힐러,로봇,보이스,라다,만날,구석,정보,유효
1989,시점,지속,권유,가요,개속,달이,라면,중이,알바,러시
1990,중이,배치,활동,궁극,강제,보통,하루,만회,챔피언쉽,본전
2017,계발,라면,플러스,중이,이벤트,튕길때,이스트,클랜,두시,지속
2021,개발자,시일,슈퍼셀,벌레,적로,컨텐츠,신경,족족,참고,출시
2035,퍼셀,버벅,젠진,아이콘,도저히,코인,뱃지,폰트,다해,떳음
2040,카드,보기,불가능,드릅,트러피,가나,선물,대고,기간,대화
2044,대미,데미지,콜드,건가,설명,대학생,보기,트러피,영상,특수
2049,영상,설명,대미,아기자기,트러피,데미지,콜드,특성,보기,몇개
2054,출시,순서,기만,고요,전송,발견,월드,티어,적응,가장
2058,기만,가장,크게,참여,달이,프로,여러가지,상상,월드,고요
2062,행동,삼인큔데,티밍하,마다,연속,여러가지,팀킬,자살,업그레이드,저런
2063,이벤트,상품,튕길때,몇개,확인,이스트,연승,실망,경제,돌진
2069,드른,튜토리얼,어려움,마법사,복구,환경,비번,분명,캔슬,케릭
2070,기만,크게,참여,가장,월드,상상,일어나고,좀더,무조건,짓거리
2075,유도,머리,데미지,돌진,승인,지장,마스코트,자책골,상품,소셜
2084,고요,라면,상상,기만,지속,순서,가장,프로,가기,크게
2090,도딱,싸구려,개발자,씨발,매일,랙문제,둘째,이기,심심찮,쪼금
2114,이제,딴사람,개발자,하나요,의미,매일,복구,초기,도대체,관리
2115,김갑,어어,젬그랩,대작,자연,균형,무언가,개똥겜,황소개구리,테오
2118,삼인큔데,패배,여러가지,행동,마다,초과,주시,분신,팀원,자살
2124,사람과,카운트,챔피언십,최근,워낙,대화,데미지,트러피,순서,돌진
2125,매일,랙문제,출시,쪼금,씨발,도딱,가요,요구사항,심심찮,이메일
2126,배치,본전,짓거리,중이,여러가지,콜트,만회,일어나고,숫자,격감
2132,대미,트러피,콜드,아기자기,설명,보기,컴팩,영상,항의,어제
2139,포코,매치,벨런스,발사체,피해,지기,거마,하란,레온,뭣같
2144,건가,대미,보기,데미지,대학생,여름,카드,불가능,특수,설명
2148,가요,한번,매일,지속,라면,플러스,방금,후기,고요,중이
2151,안고,빅브,적도,방해,잡지,눈줄,돼지,모션,일일,랭커
2161,로만,짓거리,본전,여러가지,만회,무조건,초보자,마리,평타,활동
2162,가기,사람과,순서,라면,번호,카운트,고요,존나,플러스,상상
2177,외국인,대학생,경기,건가,지원,경제,트롤러,특수,라우트,뭣같
2181,안함,관리자,리코,랭크업,역시,설치,트롭,문구,달성,재미
2211,심심찮,존나,배터리,순서,이메일,번호,반대,버전,시화,잔나
2212,출시,티어,근접,상향,콜트,개판,기만,사거리,참여,좀더
2227,의미,천원,예전,직전,권유,이제,복구,장애,화병,출시
2233,이벤트,프로,챔피언쉽,이스트,실망,아기자기,사람과,상상,영상,구축
2243,가요,한번,플러스,지속,매일,라면,방금,중이,고요,후기
2248,콜트,차별,근접,개판,기만,참여,적응,무조건,좀더,가장
2268,출시,의미,매일,티어,화병,상향,천원,린지,성능,시일
2274,개발자,시일,출시,쪼금,매일,씨발,랙문제,심심찮,적로,도딱
2277,딴사람,개선,횟수,오브,아이패드,도딱,된거,시도,개발자,쪼금
2300,심심찮,참고,자리,이메일,출시,존나,배달,순서,발열,어린이날
2303,티어,기만,순서,그다음,씨발,발견,심심찮,참여,존나,카운트
2327,출시,티어,가장,적응,참여,근접,콜트,숫자,화병,고요
2337,가요,지속,러시,시점,권유,잡고,후기,방금,직전,알바
2339,연승,아기자기,대미,뭣같,콜드,발사체,특성,편차,설명,대한민국
2340,출시,고요,참여,기만,전송,순서,매일,라면,가장,티어
2360,순서,최근,천지,챔피언십,안내,거짓말,트러피,워낙,사람과,존나
2363,활동,수가,평타,궁극,잡지,분신,여러가지,로만,본전,도로
2384,트러피,몇개,영상,아기자기,실망,보기,이벤트,선물,컴팩,콜드
2394,콜트,근접,상향,가장,지게,교전,개판,기만,출시,마리
2403,파워포인트,느낌,다이너마이트,모든,일주일,벨런스제,가해,꼴등,꿀잼저,거래
2408,시국,역전,공유,나선형,이름,결정,시화,적진,지장,투명
2412,도딱,이메일,매일,인증,랙문제,심심찮,참고,쪼금,출시,둘째
2421,사람과,실망,이벤트,이스트,가기,돌진,챔피언쉽,상상,라면,카운트
2429,존나,버전,챔피언십,순서,반대,사람과,최근,워낙,뱅뱅,거짓말
2457,순서,카운트,사람과,존나,상상,워낙,월드,가기,대화,천지
2460,짓거리,달이,무조건,안주시,활동,챔피언쉽,개속,좀더,격감,배치
2476,카드,보기,가나,언쟁,트러피,대미,면서,건가,데미지,몇개
2479,가요,라면,매일,지속,고요,플러스,출시,권유,랙문제,중이
2482,대미,데미지,콜드,트러피,거나,나머지,컴팩,회사,지장,기기
2486,무조건,여러가지,알파벳,짓거리,본전,소문자,출석,로만,만회,따리
2491,배터리,사랑,이메일,확율점,잔나,시화,존나,번호,심심찮,순서
2494,중이,일어나고,최근,가기,챔피언쉽,돌진,두시,천지,보통,나머지
2496,카운트,데미지,사람과,선물,대화,버전,트러피,실망,챔피언십,기간
2505,유효,기간,정보,로봇,대고,가나,래서,카드,단둘,인식
2519,플러스,가요,매일,라면,고요,도딱,이메일,싸구려,지속,가기
2528,연승,설명,콜드,아기자기,대미,뭣같,영상,특성,트러피,경제
2529,일본어,투명,절로,기기,힐러,투자,거나,두번째,일쑤,어가
2548,여러가지,프로,달이,시점,격감,종종,중이,개속,지속,가장
2551,돌진,최근,실망,사람과,중이,이스트,데미지,트러피,챔피언쉽,콜드
2552,플러스,가요,라면,매일,클래시,클랜,지속,해외,고요,실제
2560,출시,매일,랙문제,가요,인증,도딱,쪼금,미스터,린지,이메일
2563,시점,여러가지,개속,달이,짓거리,소원,지게,잡고,마리,잡지
2568,배달,강력,참가,무작위,진영,발도,관여도,법도,투척,하라
2579,트롤러,라든지,증가,대고,로봇,생존,유효,래서,개꿀잼,인앱
2582,아기자기,콜드,여러가지,스트,컴팩,대미,격감,편차,특성,종종
2588,포코,다른사람,항의,대미,피해,지기,건가,외국인,발사체,거마
2596,카드,가나,언쟁,보기,대고,트롤러,불가능,기간,여름,라든지
2608,접근,자책골,잡기,타이밍,유효,스파이크,학교,유독,시화,관통
2616,존나,버전,반대,순서,챔피언십,슈퍼,번호,카운트,사람과,편이
2625,매일,씨발,클래시,가요,발리,구매,도딱,라면,권유,싸구려
2627,적도,엠즈,수가,용량,만하,굳이,챔피언,에러,눈줄,이안
2630,트러피,콜드,나머지,대미,대화,출석,영상,데미지,아기자기,무조건
2641,월드,대화,그다음,오백,챔피언십,분야,린데,투자,최근,존나
2644,존나,챔피언십,순서,그다음,월드,대화,버전,카운트,반대,절로
2645,이메일,배터리,심심찮,도딱,이기,존나,사랑,확율,순서,번호
2646,이벤트,이스트,실망,돌진,튕길때,라면,사람과,두시,프로,영상
2654,기간,데미지,카드,선물,불가능,트러피,보기,가나,대고,카운트
2655,반복,카운트,기만,크게,상상,프로,좃망겜,종종,이스트,실망
2657,가요,매일,한번,도딱,플러스,라면,랙문제,싸구려,출시,인증
2662,도딱,씨발,심심찮,매일,이기,쪼금,싸구려,랙문제,이메일,출시
2663,영어,짜증,컨셉,움직임,중독,초기,복구,실화,도대체,스레
2667,이제,가면,개발자,수준,도대체,딴사람,촉구,복구,서버,신경
2670,일정,천원,티스,리기,판정,의미,상향,악의,끼리,컨텐츠
2672,연승,가해,뭣같,전체,경제,전투,것좀,외국인,느낌,운영
2678,여러가지,가장,기만,크게,무조건,프로,격감,챔피언쉽,참여,본전
2682,매일,가요,발리,권유,출시,화병,랙문제,예전,라면,씨발
2686,여러가지,시점,개속,달이,종종,격감,중이,권유,지속,배치
2708,심심찮,이메일,배터리,도딱,이기,존나,순서,사랑,확율,번호
2714,잡고,대해,방해,젠진,퍼셀,챔피언,떳음,잡지,타워,얼릉
2733,돌진,데미지,유도,실망,사람과,선물,챔피언십,최근,몇개,트러피
2746,기만,가장,크게,참여,여러가지,븅신들,무조건,반복,티어,워리어
2747,조합,무턱,쓸모,팀운,대신,찬양,아빠,존재,노잼,무과
2765,로봇,접근,가족,마스코트,계정제,유효,일시,윤기,무빙,방향
2767,초과,종종,요구,격감,여러가지,특성,수가,대책,강제,아기자기
2771,잡지,여러가지,활동,수가,방해,궁극,챔피언,분신,짓거리,초보자
2794,도딱,심심찮,배터리,이메일,이기,사랑,확율,존나,이해,씨발
2798,데미지,최근,챔피언십,돌진,유도,트러피,사람과,카드,콜드,대미
2808,습니,안드로메다,숫자,중이,무제한,잡고,러시,지속,개성,하니
2810,회사,대미,사전예약,거나,지장,뭐임,데미지,트러피,콜드,건가
2826,랭커,일일,초보자,잡지,소원,모션,돼지,빅브,지게,프로필
2831,플러스,순서,도딱,싸구려,지면,도핑,카운트,개같넷,번호,존나
2837,어제,클래쉬,발사체,징계,초과,요구,패배,도로,컴팩,어쩌
2842,여러가지,사이,대책,활동,궁극,수가,잡지,종종,요구,격감
2850,포코,발사체,매치,하란,지기,피해,거기,벨런스,거마,뭣같
2851,배치,짓거리,일일,모션,개성,콜트,지게,러시,교전,움직
2853,일일,모션,빅브,움직,방해,어려움,지게,잡지,러시,하니
2870,사람과,돌진,실망,순서,카운트,가기,도핑,이스트,이벤트,상상
2878,트롭,오기,관리자,재미,안젛은것,잘못,역시,종료,안함,토큰
2880,강제,활동,여러가지,초과,아기자기,수가,격감,무조건,안주시,프로필
2883,케릭,짜증,을해,초희,기억,분명,그레,동생,천원,복구
2885,아기자기,콜드,트러피,사이,영상,대미,특성,설명,튕길때,이벤트
2887,로봇,마스코트,구석,접근,일쑤,건가,지장,존버,회사,기간
2895,카운트,사람과,대화,워낙,순서,상상,월드,챔피언십,트러피,존나
2900,튜토리얼,러시,노가다,잡고,일일,지게,순간,어려움,빅브,모션
2903,플러스,아이폰,번호,의심,매우,편이,지면,가기,스파크,사람과
2925,상점,구매,씨발,클래시,이기,현질,의사소통,지면,요구사항,좃망겜
2926,존나,반대,사람과,버전,순서,슈퍼,편이,번호,챔피언십,스파크
2935,이벤트,연승,튕길때,었기,조준,두시,라서,승인,옛날,특성
2941,여러가지,본전,짓거리,무조건,만회,출석,격감,로만,콜드,활동
2946,도딱,매일,싸구려,이메일,랙문제,심심찮,쪼금,인증,가요,이기
2958,인앱,인식,래서,아빠,로봇,감점,생존,라든지,가족,오해
2959,도딱,이메일,심심찮,싸구려,이기,씨발,배터리,순서,번호,존나
2968,닉네임,참고,배달,아예,심심찮,발도,대도,어린이날,강력,시일
2969,타이밍,인식,접근,만날,그거,로봇,래서,체력,스파이크,가족
2970,순서,존나,번호,확율점,이메일,사람과,편이,배터리,잔나,가기
2976,특성,아기자기,격감,튕길때,종종,사이,대책,연승,어쩌,콜드
2977,모든,파워포인트,느낌,사면,거래,벨런스제,다이너마이트,일주일,전체,꼴등
2987,기만,가장,크게,티어,그다음,참여,반복,워리어,월드,씨발
2996,어려움,튜토리얼,드른,캔슬,케릭,짜증,일일,움직,불만,렉좀
3024,지고,피해,거래,거기,위해,사임,외국인,하란,결론,세방
3026,벨런스,발사체,연못,사용자,이동속도,다가,어제,삼인큔데,편차,컴팩
3049,스트레스,면서,피해,거마,안드로이드,대기,허공,카드,주로,항의
3062,여러가지,포스,종종,소원,주시,마리,순간,초보자,노가다,개속
3063,이스트,카운트,반복,프로,챔피언쉽,실망,트러피,사람과,이벤트,순서
3066,한숨,아예,아랍,중국,초딩,스파이크,타이밍,어째,배터리,시화
3067,나머지,콜드,본전,트러피,출석,최근,워낙,만회,거나,일어나고
3078,콜드,트러피,아기자기,대미,특성,영상,유튜브,설명,격감,편차
3080,만기,하니,잡고,잡지,엄첨,방해,활동,타워,배치,챔피언
3084,여러가지,삼인큔데,분신,수가,격감,종종,프로필,포스,무조건,에바
3102,눈줄,방해,돼지,순간,잡고,챔피언,노가다,대해,얼릉,로딩
3103,절로,어가,투척,속도,골대,아예,뱅뱅,탱커,일본어,하자
3111,유독,클릭,일시,감점,유효,아빠,가족,인풋랙,타이밍,오프라인
3114,카운트,사람과,존나,순서,도핑,버전,슈퍼,돌진,실망,선물
3119,플러스,해외,라면,실제,가끔,가기,싸구려,문자,가요,고요
3126,일쑤,지장,구석,존버,거나,회사,시국,자책골,로봇,데미지
3130,젬그랩,작성,김갑,경기,자연,어어,느낌,전혀,스피릿,먹통
3135,아기자기,콜드,특성,활동,격감,컴팩,편차,궁극,대미,연승
3136,아기자기,특성,초과,종종,콜드,여러가지,대미,편차,클래쉬,격감
3146,출시,의미,콜트,습니,숫자,근접,상향,개판,적응,초기
3147,힐러,투명,구석,존버,거나,일쑤,투자,기기,시국,일본어
3162,티어,발도,터치,가지,배달,골대,근접,오백,기분,부탁
3166,여러가지,활동,격감,콜드,강제,짓거리,본전,배치,궁극,만회
3177,무턱,몇번,마음,팀운,이유,트롤러,증가,소식,윤기,불안
3180,플러스,이벤트,두시,문자,이스트,돌진,옛날,데체,실망,튕길때
3184,순서,고요,번호,존나,이메일,가기,출시,상상,라면,발견
3188,순서,카운트,상상,가기,실망,이스트,존나,라면,사람과,프로
3189,가요,매일,출시,발리,의미,랙문제,화병,지속,권유,복구
3194,트롤러,대고,유효,라든지,불가능,증가,감점,래서,로봇,언쟁
3197,콜드,대미,보통,트러피,궁극,설명,돌진,영상,유튜브,데미지
3199,븅신들,오지,무조건,그것,박스,따리,린데,이면,는데,타고
3200,잡고,타워,폰트,방금,지속,젠진,하니,이후,만기,퍼셀
3203,머리,특수,발사,승인,마스코트,불안,배틀,대학생,지장,자책골
3219,가족,인앱,개꿀잼,생존,찬양,조합,로봇,레알,키좀,아빠
3222,증가,이유,트롤러,외국인,사임,몇번,채택,특별,라우트,건가
3247,기만,크게,무조건,참여,월드,가장,근접,차별,나머지,좀더
3258,여러가지,무조건,초보자,본전,포스,삼인큔데,븅신들,짓거리,마리,분신
3262,최근,챔피언쉽,데미지,나머지,챔피언십,돌진,콜드,지장,편이,사람과
3275,새끼,주변,개인,기분,시작,자랑,지도,인간,리기,예전
3276,초과,패배,클래쉬,종종,능력,수가,도로,만하,대책,용량
3279,고요,순서,가기,전송,라면,출시,지속,이메일,상상,매일
3280,아이콘,기도,불만,실패,어려움,타라,꿀꿀이,파이,한판,저쩌
3286,심심찮,씨발,존나,순서,이기,도딱,이해,이메일,발견,카운트
3292,데미지,보기,트러피,카드,대미,불가능,아기자기,가나,설명,콜드
3296,순서,도핑,사람과,카운트,존나,버전,돌진,슈퍼,편이,번호
3309,지면,카운트,도핑,맵좀,차감,순서,선물,드릅,심심찮,반복
3328,도딱,이메일,배터리,싸구려,인증,사랑,확율,매일,정말,이기
3331,튕길때,었기,확인,전체,전투,문자,경제,운영,벌써,대규모
3332,플러스,도딱,싸구려,가끔,해외,번호,이메일,라면,클래시,순서
3334,한편,몇번,앱스토어,패키지,창렬적이,전혀,무턱,팀운,이유,기록
3336,이메일,배터리,티켓,인증,발열,확율,출시,자리,심심찮,전송
3339,수가,여러가지,활동,잡지,분신,초보자,궁극,로만,본전,짓거리
3345,다해,아시,자체,다모아,코인,었기,재미,웰컴,또업뎃되,토큰
3347,도딱,매일,싸구려,쪼금,이메일,랙문제,둘째,이기,씨발,인증
3348,공격,누가,티스,관여도,판정,발생,고랭,팸뜨,일정,소라
3351,심심찮,이기,씨발,도딱,이해,이메일,어린이날,확율,쪼금,개발자
3357,만기,잡지,엄첨,눈줄,방해,챔피언,잡고,활동,하니,라서
3373,리기,시작,형님,악의,지도,차이,개인,초희,자랑,하나요
3378,비트,상대,볼라,플레이어,점수,진행,죽음,도중,브롤,레벨
3380,콜트,지게,가장,직전,교전,기만,마리,개속,짓거리,시점
3394,계로,그대로,제목,공유기,과금,오늘,때문,마법,마법사,이후
3395,순서,거짓말,가기,월드,존나,챔피언십,버전,카운트,최근,천지
3401,솔로,음성,수정,매칭,양심,랜덤,쉘리,테두리,쓰레기,빙빙
3409,매우,의심,아이폰,자책골,상품,스파크,돌진,머리,유도,옛날
3413,나머지,콜드,최근,거나,무조건,대미,트러피,데미지,기기,따리
3419,시발,요소,티밍때문,대가,주먹,거래,차서,달성,일본인,듭시
3421,고요,매일,가요,라면,출시,지속,전송,순서,가기,중이
3426,참여,기만,가장,크게,여러가지,프로,무조건,중이,챔피언쉽,월드
3428,콜트,출시,기만,차별,숫자,티어,의미,적응,참여,안치
3433,엠즈,용량,만하,패배,엄두,에러,굳이,장난,수가,해골
3441,지면,좃망겜,카운트,씨발,구매,순서,심심찮,존나,라면,이기
3447,심심찮,이기,존나,자리,순서,이메일,이해,아예,출시,배달
3499,여러가지,활동,잡지,수가,짓거리,격감,궁극,배치,본전,방해
3504,트러피,컴팩,면서,구경,보기,카드,대기,대미,아기자기,드릅
3513,순서,이메일,도딱,심심찮,번호,매일,존나,고요,출시,씨발
3515,매일,복구,한번,슈퍼셀,가요,개발자,이제,출시,안드로메다,인증
3533,가해,느낌,경기,전혀,외국인,채택,테이크다운,리뷰,모든,뭣같
3538,초딩,스파이크,힐러,아랍,한숨,타이밍,결정,스폰되나,관통,만날
3551,거래,피해,위해,지고,재사용,거기,사임,하란,다이너마이트,외국인
3564,었기,아시,도로,자체,수가,또업뎃되,라서,일주일,최적화,떳음
3591,여러가지,수가,잡지,챔피언,활동,방해,프로필,종종,대책,격감
3598,실망,상상,입력,카운트,유도,가기,사람과,이스트,조준,돌진
3606,도딱,이메일,싸구려,순서,플러스,번호,매일,심심찮,씨발,존나
3617,었기,아시,튕길때,라서,만기,퍼셀,이벤트,연승,활동,문자
3624,일주일,꼴등,도로,재미,모든,느낌,파워포인트,역시,명의,꿀잼저
3625,대미,뭣같,건가,보기,어제,영상,경제,트러피,설명,몇개
3634,한번,가요,매일,복구,환경,지속,안드로메다,플러스,방금,무제한
3643,순서,존나,카운트,씨발,심심찮,고요,발견,라면,번호,상상
3648,콜트,일일,지게,는데,프리,의미,천원,가업,모션,상향
3660,최근,월드,챔피언십,천지,입력,상상,사람과,거짓말,순서,가기
3670,라면,지속,고요,가요,매일,구축,순서,기만,달이,상상
3693,거나,기기,대미,뭐임,나머지,대기,사전예약,면서,회사,투명
3698,외국인,사임,경기,증가,포코,가해,느낌,뭣같,큐브,위해
3708,모든,뭣같,가해,느낌,발사체,포코,연승,외국인,이동속도,전체
3723,삼인큔데,여러가지,무조건,컴팩,에바,분신,본전,스트,븅신들,똑바로
3725,콜드,연승,보통,대미,특수,지장,특성,승인,설명,데미지
3738,중이,숫자,콜트,배치,좀더,교전,달이,짓거리,가장,크게
3769,존버,구석,힐러,로봇,일쑤,무빙,투자,기간,접근,거나
3770,하니,튜토리얼,잡고,움직,어려움,모션,일일,드른,개성,러시
3772,한국,타고,따리,중제,두번째,화가,대기,주로,이면,광고
3774,도핑,이스트,이벤트,카운트,실망,돌진,플러스,사람과,맵좀,선물
3778,카운트,실망,사람과,상상,데미지,대화,돌진,트러피,워낙,순서
3797,매일,가요,한번,도딱,랙문제,발리,쪼금,출시,라면,시도
3800,초과,요구,종종,아기자기,징계,컴팩,여러가지,클래쉬,수가,어제
3807,존나,순서,심심찮,배터리,번호,이메일,반대,버전,잔나,시화
3845,포기,양심,이도,혼잣말,쉘리,느낌표,참가,다망,원중,발전
3863,점수,레벨,행운,상대,비트,진행,플레이어,임도,브롤,볼라
3872,출시,매일,권유,가요,화병,기만,의미,가장,예전,발리
3904,기만,크게,가장,참여,월드,상상,무조건,차별,여러가지,그다음
3915,활동,궁극,연승,콜드,특성,보통,수가,강제,도로,사이
3928,눈줄,적도,챔피언,이안,방해,전장,굳이,돼지,잡지,수가
3940,정보,유효,자책골,로봇,대고,기간,마스코트,트롤러,래서,불가능
3981,연못,대미,거나,스트,중제,교란,한국,뭐임,집중,구경
3983,배치,중이,궁극,활동,하니,짓거리,달이,본전,아주,만회
3986,심심찮,이기,존나,씨발,순서,이메일,도딱,이해,번호,확율
3989,트롤러,외국인,대학생,건가,지원,여름,대고,몇번,특수,경기
4004,만기,잡고,엄첨,잡지,챔피언,방해,눈줄,버벅,퍼셀,떳음
4007,도딱,개발자,둘째,심심찮,이메일,쪼금,이기,씨발,아이패드,매일
4014,여러가지,궁극,활동,사이,격감,콜드,분신,종종,요구,무조건
4023,대고,트롤러,자책골,유효,불가능,조작,마스코트,일시,기간,윤기
4024,컨텐츠,가면,그레,천원,의미,수준,영어,일정,짜증,도대체
4032,눈줄,잡지,방해,챔피언,엄첨,잡고,떳음,퍼셀,대해,만기
4033,재사용,어어,사임,위해,개똥겜,황소개구리,증가,조이스틱,거기,이유
4036,나머지,따리,참여,월드,오백,근접,차별,사용,대화,린데
4043,증가,트롤러,몇번,무턱,이유,채택,대고,라든지,생존,키좀
4058,월드,거짓말,상상,천지,일어나고,안치,워낙,최근,입력,참여
4060,병목현상,의심,아이폰,배터리,도딱,사랑,이메일,싸구려,잔나,번호
4098,트롤러,대고,보기,카드,여름,건가,라든지,라우트,외국인,지원
4125,카운트,선물,도핑,순서,버전,사람과,존나,실망,맵좀,슈퍼
4140,몇번,이유,무턱,기록,앱스토어,한편,창렬적이,팀운,증가,전혀
4147,챔피언,방해,잡지,수가,눈줄,대해,활동,떳음,퍼셀,엄첨
4148,거나,나머지,투명,뭐임,기기,두번째,따리,사전예약,최근,투자
4156,존나,순서,심심찮,카운트,버전,발견,그다음,챔피언십,월드,씨발
4157,매일,도딱,출시,이메일,씨발,랙문제,순서,심심찮,가요,쪼금
4161,여러가지,짓거리,본전,활동,분신,만회,초보자,무조건,격감,수가
4163,크게,월드,무조건,기만,적응,나머지,본전,가장,참여,상상
4177,사임,위해,재사용,거리,증가,튕기나,황소개구리,조이스틱,인생,이유
4183,만렙,자살,판이,다망,지인,해골,다행,박스,튕기네,주변
4207,출시,시일,씨발,티어,심심찮,적로,배달,참고,이기,자리
4208,가요,매일,도딱,한번,랙문제,라면,플러스,쪼금,싸구려,발리
4211,전투,튕길때,사면,대규모,제로,전체,지원,어제,랙땜애,징계
4229,사임,개꿀잼,진심,트롤러,건가,라든지,증가,인앱,녀석,포코
4232,도딱,심심찮,이기,씨발,이메일,매일,쪼금,싸구려,랙문제,확율
4237,도로,수가,만하,패배,초과,요구,발사체,징계,활동,전투
4267,챔피언,수가,방해,용량,대해,잡지,눈줄,노가다,순간,프로필
4291,가해,느낌,경기,전혀,외국인,채택,테이크다운,리뷰,모든,뭣같
4294,끼리,근접,개판,법도,콜트,누가,상향,일정,는데,발생
4350,아기자기,콜드,특성,강제,격감,초과,궁극,대미,편차,연승
4361,활동,잡지,궁극,배치,방해,하니,만기,수가,짓거리,보통
4362,심심찮,도딱,순서,존나,싸구려,이메일,씨발,번호,이기,카운트
4370,도딱,심심찮,싸구려,이메일,순서,존나,번호,병목현상,이기,씨발
4385,나머지,최근,일어나고,참여,전송,숫자,본전,사용,만회,좀더
4395,노가다,지게,러시,순간,개속,예전,일일,알바,권유,소원
4396,존나,버전,순서,심심찮,카운트,반대,챔피언십,기간,절로,뱅뱅
4410,이벤트,실망,형편,몇개,유도,챔피언쉽,사람과,영상,설명,특성
4418,면서,대기,컴팩,구경,트러피,대화,분야,기기,바람,무조건
4424,클랜,종종,소원,대책,라면,프로,로얄,깟는데,능력,돈돞안
4434,도딱,싸구려,매일,둘째,이메일,쪼금,랙문제,한번,가요,인증
4436,리코,사제,차서,관리자,주먹,단축,시발,짜져,설치,랭크업
4437,면서,기기,대기,거나,대미,가나,카드,트러피,한국,사전예약
4443,경기,전혀,마음,채택,이유,증가,황소개구리,외국인,김갑,젬그랩
4493,티어,출시,참여,심심찮,기만,씨발,순서,가장,근접,자리
4500,로봇,접근,유효,일시,자책골,가족,잡기,타이밍,정보,래서
4522,데미지,트러피,카운트,선물,실망,카드,보기,대화,영상,돌진
4538,트롤러,대고,보기,건가,라든지,여름,언쟁,마스코트,불가능,윤기
4540,가요,매일,라면,발리,권유,도딱,클래시,지속,클랜,고요
4541,시점,중이,프로,지속,가요,패널,방금,순서,매일,플러스
4564,패배,만하,일주일,명의,꿀잼저,엠즈,도로,꼴등,엄마,거래
4575,근접,개판,린데,차별,오백,메타,월드,기만,사용,무조건
4581,건가,대학생,뭣같,특수,대미,외국인,여름,보기,경제,포코
4588,한번,가요,매일,복구,환경,안드로메다,개선,무제한,마법사,지속
4591,마리,프리,콜트,여러가지,는데,짓거리,지게,인간,무조건,포스
4610,최적화,었기,아시,자체,라서,부롤,또업뎃되,문자,리뷰,연승
4612,자체,버벅,다해,최적화,코인,또업뎃되,아시,도저히,었기,토큰
4626,콜트,습니,교전,숫자,개판,적응,움직,페이스북,출시,중이
4638,트러피,데미지,대미,콜드,아기자기,영상,특성,컴팩,이스트,이벤트
4642,최근,거짓말,챔피언십,천지,사람과,월드,일어나고,나머지,국가,워낙
4651,쓸모,아빠,찬양,무과,조합,무턱,대신,양각,레알,노잼
4672,유도,머리,돌진,지장,승인,사람과,역전,대체,데미지,스파크
4673,일어나고,최근,사람과,전송,거짓말,월드,나머지,워낙,챔피언쉽,천지
4680,트롤러,대고,여름,몇번,지원,취소,특별,대학생,라든지,보기
4682,이벤트,몇개,이스트,튕길때,실망,선물,영상,아기자기,상품,조준
4695,도딱,심심찮,쪼금,개발자,싸구려,이기,매일,씨발,둘째,아이패드
4707,사거리,근접,콜트,티어,상향,출시,프리,가장,기만,참여
4724,대화,나머지,트러피,구경,대기,워낙,월드,면서,투자,크게
4735,속도,투척,구겄봤,절로,방식,아예,탱커,어가,무작위,닉네임
4739,대미,발사체,콜드,대한민국,뭣같,아기자기,컴팩,연승,징계,궁극
4744,유도,몇개,돌진,자책골,사람과,고민,매우,머리,승인,실망
4745,언쟁,카드,보기,불가능,대미,정책,가나,대고,여름,건가
4762,대미,발사체,컴팩,항의,어제,연못,뭣같,콜드,트러피,징계
4769,아기자기,특성,트러피,콜드,대미,컴팩,격감,편차,영상,설명
4784,개꿀잼,트롤러,라든지,증가,인앱,로봇,사임,대고,생존,건가
4791,트롤러,로봇,인앱,라든지,생존,라우트,감점,유효,개꿀잼,건가
4803,주로,거마,기기,면서,후반,가나,허공,교란,진심,한국
4812,조합,팀운,대신,쓸모,무턱,차고,존재,아빠,무과,운석
4829,구석,로봇,지장,존버,일쑤,무빙,거나,기간,회사,접근
4859,거짓말,최근,사람과,전송,일어나고,아이디,티켓,천지,안치,챔피언십
4860,잡고,지속,러시,시점,개속,달이,가요,방금,알바,권유
4863,여러가지,짓거리,마리,로만,본전,달라,초보자,포스,콜트,안주시
4882,기본,차이,시작,개인,평가,하나요,지도,초희,밎았네,할하
4885,거래,다이너마이트,지고,모든,만하,전투,전체,벨런스제,발사체,대규모
4887,외국인,건가,경기,포코,대학생,가해,뭣같,특수,라우트,특별
4888,하루,아주,중이,배치,일어나고,보통,챔피언쉽,두시,달이,짓거리
4900,피해,발사체,항의,결론,안드로이드,만하,어제,징계,삼인큔데,이동속도
4914,가끔,실제,해외,문자,플러스,데체,확인,상품,벌써,주네
4938,러시,드른,마법사,비번,기억,튜토리얼,잡고,케릭,지게,복구
4942,무조건,근접,오백,따리,린데,기만,크게,터치,그다음,티어
4943,순서,카운트,번호,도핑,존나,사람과,가기,지면,라면,플러스
4954,발사체,포코,뭣같,대미,이동속도,지기,어제,벨런스,매치,교란
4956,존나,병목현상,심심찮,슈퍼,의심,순서,카운트,번호,개같넷,배터리
4983,지장,회사,데미지,트러피,대미,카드,영상,보기,거나,고민
4987,개발자,시일,아이패드,적로,벌레,씨발,신경,의사소통,쪼금,슈퍼셀
4989,상향,콜트,근접,사거리,일정,의미,판정,천원,는데,티어
4993,기간,유효,대고,정보,자책골,불가능,무한,선물,가나,조작
4995,예전,노가다,지도,비비,인간,시작,지랄,퍼센트,표준,지게
4998,여러가지,분신,수가,본전,초보자,활동,무조건,짓거리,포스,종종
5005,연승,경제,뭣같,운영,파괴,경기,었기,모든,전체,발사체
5006,편차,콜드,대한민국,대미,발사체,특성,연못,수가,여러가지,이동속도
5008,엠즈,굳이,달성,이안,적도,뱃지,전장,일주일,이아,역시
5009,따리,나머지,거나,투명,두번째,뭐임,무조건,알파벳,국가,잘만
5028,아기자기,영상,트러피,설명,보기,특성,대미,몇개,콜드,카드
5030,가장,기만,여러가지,포스,마리,무조건,크게,짓거리,종종,달이
5037,근접,콜트,상향,처벌,사거리,븅신들,티어,끼리,무조건,기만
5045,새끼,영웅,시작,나름,진행,개인,다행,장난,기본,예전
5051,스타즈,행동,연속,클래쉬,마다,초과,종종,패배,주시,여러가지
5057,도딱,매일,개발자,쪼금,랙문제,딴사람,둘째,싸구려,아이패드,가요
5099,투자,기기,기간,대화,카드,챔피언십,언쟁,면서,가나,데미지
5116,부디,투명,일쑤,이름,거나,최근,이동,구석,지장,얘내
5119,인앱,아빠,인식,감점,생존,라든지,래서,가족,조합,클릭
5121,도딱,시도,개선,횟수,클래시,매일,딴사람,쪼금,오브,발리
5148,사용,월드,근접,최근,천지,좀더,안치,출시,자리,전송
5178,발도,사용,배달,자리,무작위,탱커,강력,법도,출시,근접
5203,데미지,최근,영상,사람과,워낙,실망,트러피,챔피언십,돌진,대화
5209,상품,몇개,확인,대학생,매우,지원,취소,안정화,경제,운영
5212,짓거리,마리,가장,기만,여러가지,본전,포스,무조건,만회,참여
5214,의심,병목현상,아이폰,배터리,시화,유독,잔나,슈퍼,사랑,확율점
5215,고요,중이,전송,가기,지속,사람과,일어나고,참여,라면,출시
5263,대미,콜드,트러피,아기자기,특성,궁극,사이,설명,편차,발사체
5266,뭐임,거나,사전예약,대미,나머지,투명,중제,따리,연못,한국
5280,마법사,계로,이후,잡고,드른,폰트,그대로,하주,타워,공유기
5288,라우트,몇개,쌘스,유도,청년,자꾸만,이벤트,전반,일반,길가
5296,정말,플러스,실제,가끔,해외,아이템,데체,문자,아이폰,라면
5304,로봇,구석,존버,롤스터,기간,정보,후반,유효,길가,힐러
5307,도딱,병목현상,배터리,사랑,싸구려,이메일,칠천이,심심찮,둘째,이기
5314,출시,고요,가장,기만,지속,가요,매일,화병,권유,라면
5337,달이,프로,지속,클랜,종종,시점,라면,소원,방금,개속
5361,스타즈,주시,소원,처음,클래쉬,대책,누적,만회,종종,초보자
5381,몇개,보기,대고,여름,대학생,트롤러,카드,지원,특수,불가능
5391,카드,보기,대미,면서,트러피,가나,기기,불가능,데미지,언쟁
5407,개발자,신경,시일,가면,슈퍼셀,컨텐츠,벌레,수준,이제,점때
5414,노가다,순간,지랄,빅브,엄두,표준,원거리,일일,모션,지게
5418,가기,플러스,사람과,중이,고요,두시,순서,라면,전송,돌진
5419,한편,이유,이게뭡,팀운,자꾸만,몇번,창렬적이,증가,트롤러,무턱
5423,근접,사용,무작위,사거리,탱커,발도,개판,법도,배달,년전
5446,용량,엠즈,굳이,패배,수가,만하,능력,챔피언,명의,절대
5447,결재,장비,제일,동일,우리나라,버벅임,페니,정이,의사,국적
5457,경제,뭣같,전투,대규모,어제,연승,아기자기,발사체,지원,외국인
5459,수가,초과,사용자,분신,만하,여러가지,패배,다가,삼인큔데,도로
5463,배치,짓거리,모션,하니,잡지,개성,일일,지게,움직,중이
5468,도딱,이메일,슈퍼셀,참고,인증,개발자,배터리,쪼금,확율,매일
5489,조합,찬양,레알,거리,소식,키좀,무턱,생존,증가,개꿀잼
5492,전체,가해,연승,전투,경제,었기,튕길때,뭣같,대규모,것좀
5515,경제,전체,경기,연승,전투,느낌,뭣같,외국인,대규모,파워포인트
5534,어려움,캔슬,불만,튜토리얼,짜증,드른,지랄,일일,빅브,파이
5556,습니,개판,는데,콜트,근접,자리,적응,차별,숫자,티켓
5563,절대,용량,로딩,순간,노가다,도저히,퍼센트,고려,눈줄,엄두
5584,대미,컴팩,트러피,면서,콜드,대기,기기,나머지,거나,보기
5607,매우,몇개,자책골,승인,머리,조작,상품,학교,유도,돌진
5624,가끔,확인,문자,상품,벌써,매우,해외,튕길때,운영,보완
5644,콜드,대미,트러피,영상,데미지,설명,아기자기,나머지,컴팩,특성
5645,데미지,유도,실망,콜드,트러피,돌진,최근,대미,선물,챔피언쉽
5647,도로,일주일,명의,이안,꼴등,만하,역시,굳이,수가,꿀잼저
5674,로딩,대해,어쩌,얼릉,퍼셀,부롤,그냥,오류로,대책,었기
5681,도딱,매일,심심찮,씨발,이메일,쪼금,랙문제,출시,싸구려,이기
5709,가업,는데,리기,악의,인간,주변,자랑,만렙,포기,자살
5710,특유,인풋랙,의심,마음,매우,윤기,학교,몇번,팀운,자책골
5734,도로,패배,대규모,수가,만하,초과,이안,발사체,용량,어마
5754,발사체,어제,뭣같,포코,이동속도,지기,전투,대규모,외국인,징계
5763,기간,정보,카드,가나,로봇,유효,롤스터,구석,언쟁,스트래스입니
5766,건가,여름,불안,트롤러,대학생,특별,윤기,특수,마스코트,라우트
5770,대기,스타즈,언쟁,항의,면서,스트레스,피해,카드,안드로이드,광고
5783,가해,몇번,외국인,경기,채택,전혀,느낌,취소,테이크다운,한편
5797,한번,가요,플러스,매일,무제한,인증,지속,방금,안드로메다,중이
5803,기분,주변,상향,관전,오지,븅신들,인간,사거리,티어,악의
5808,뭣같,발사체,외국인,포코,지기,어제,연승,다른사람,경제,경기
5836,배터리,사랑,심심찮,이메일,존나,순서,확율점,시화,잔나,아예
5837,마음,무턱,황소개구리,김갑,가족,금은,증가,소식,생존,개꿀잼
5860,거나,투명,사전예약,뭐임,두번째,기기,투자,대기,면서,주로
5865,가요,매일,한번,도딱,시도,발리,랙문제,라면,플러스,개선
5877,도딱,개발자,아이패드,신경,슈퍼셀,둘째,쪼금,이메일,벌레,참고
5899,사람과,일어나고,거짓말,챔피언쉽,최근,워낙,가기,천지,입력,유도
5907,기기,면서,투자,대기,카드,가나,거나,대화,사전예약,따리
5910,시일,개발자,슈퍼셀,참고,벌레,신경,적로,심심찮,출시,족족
5911,예전,권유,가요,러시,노가다,알바,개속,지게,시점,발리
5916,인앱,진심,개꿀잼,라든지,사임,튕기나,후반,오해,생활,생존
5947,만기,최적화,하루,어덯게,구글,심해,두시,승인,보통,폰트
5948,느낌,외국인,경기,채택,작성,가해,사임,인생,포코,몇번
5965,기간,유효,버전,정보,무한,주작,챔피언십,일쑤,접근,슈퍼
6006,돼지,프리,원거리,방해,빅브,노가다,모션,잡지,순간,엄두
6008,가해,느낌,경기,전혀,외국인,채택,테이크다운,리뷰,모든,뭣같
6010,대미,아기자기,콜드,트러피,특성,영상,설명,발사체,데미지,뭣같
6011,제외,점검,성은,대서,화성,아이패드,이설,계정,이리고,체크카드
6049,무작위,개판,근접,년전,사용,탱커,린데,얼른,티어,터치
6052,트러피,선물,영상,데미지,실망,불가능,돌진,사람과,카운트,카드
6056,개발자,이제,컨텐츠,딴사람,적로,의미,시일,천원,가면,족족
6083,공유,일쑤,스파이크,시국,접근,데미지,챔피언십,기간,어째,역전
6104,선물,데미지,몇개,돌진,실망,카운트,유도,상품,보기,트러피
6134,자리,안치,존나,최소,추천,발열,출시,사용,티켓,탱커
6135,방해,잡지,잡고,하니,배치,활동,챔피언,만기,엄첨,돼지
6139,제외,점검,성은,대서,화성,아이패드,이설,계정,이리고,체크카드
6144,최근,일본어,투명,챔피언십,국가,거나,월드,나머지,탱커,워낙
6163,달성,시발,반년,리아,일주일,단축,설치,명의,랭크업,역시
6171,가보,트롤러,전혀,대학생,자꾸만,매우,마음,운영,채택,마스코트
6173,지도,인간,천원,기분,일정,악의,하나요,개인,상향,의미
6184,다가,벨런스,사용자,만하,지나,튕겼다,벨붕,어마,이동속도,만듭시
6199,벨런스제,거래,차서,파워포인트,관리자,느낌,단축,다이너마이트,모든,일주일
6200,대고,보기,트롤러,선물,라든지,일반,무한,몇개,로봇,불가능
6220,거나,회사,기간,카드,기기,사전예약,구석,일쑤,투자,정보
6251,투자,기기,데미지,대화,챔피언십,카운트,면서,버전,기간,가나
6254,짓거리,잡지,배치,개속,지게,시점,달이,방해,잡고,여러가지
6282,기만,븅신들,워리어,반복,좃망겜,그다음,가장,미가,무조건,크게
6287,과금,때문,그대로,제목,도저히,그냥,카톡,분실,문의,퍼셀
6314,증가,이유,트롤러,자꾸만,외국인,마음,사임,특별,몇번,무턱
6321,플러스,싸구려,순서,라면,도딱,번호,이메일,가기,고요,존나
6338,뭣같,발사체,어제,포코,지기,외국인,항의,건가,대미,결론
6348,나머지,최근,콜드,일어나고,거나,본전,출석,사람과,워낙,천지
6352,쓸모,아빠,조합,찬양,무과,무턱,양각,대신,키좀,노잼
6363,도딱,심심찮,이메일,이기,씨발,싸구려,둘째,어린이날,이해,쪼금
6366,가족,일시,로봇,감점,아빠,조합,계정제,생존,무턱,접근
6375,매치,대미,포코,건가,아기자기,교란,거마,지기,보기,발사체
6387,투자,뱅뱅,대화,어가,챔피언십,기기,기간,절로,일쑤,카드
6391,상상,월드,크게,트러피,최근,챔피언쉽,프로,무조건,대화,그다음
6409,컴팩,트러피,면서,구경,무조건,대기,기기,아기자기,분야,똑바로
6415,일주일,도로,명의,만하,꿀잼저,패배,리아,꼴등,굳이,수가
6420,타이밍,만날,그거,스파이크,인식,체력,접근,이전,별로,잡기
6433,콜드,대미,트러피,영상,특성,아기자기,설명,데미지,연승,일반
6450,재키,만렙,소용,판이,느낌표,비비,리기,다망,지랄,죽음
6467,기간,구석,소통,힐러,로봇,일쑤,투자,정보,접근,존버
6483,라면,상상,고요,프로,순서,기만,발견,린지,지속,씨발
6495,여러가지,무조건,본전,궁극,콜드,만회,짓거리,활동,로만,강제
6513,어제,발사체,뭣같,대규모,외국인,다이너마이트,전투,징계,모든,포코
6525,농사,괺팒아,가족,운석,일시,금은,아빠,쓸모,잡기,무과
6548,사임,외국인,트롤러,건가,포코,라우트,하란,증가,세방,라든지
6562,트러피,영상,데미지,콜드,보기,아기자기,대미,이벤트,몇개,설명
6563,트러피,챔피언십,거짓말,데미지,최근,나머지,유도,돌진,사람과,거나
6584,도딱,싸구려,플러스,라면,매일,클래시,가요,구매,순서,고요
6604,절로,투척,속도,추천,온갖,초딩,한숨,난무,뱅뱅,표현
6629,포코,매치,건가,뭣같,지기,거기,발사체,외국인,하란,이동속도
6649,데미지,콜드,최근,대미,트러피,나머지,돌진,회사,거나,지장
6651,목록,피롤,마이크,피해,허공,스타즈,벨붕,타임,벨런스,축지법
6654,로봇,마스코트,트롤러,윤기,유효,건가,접근,롤스터,계정제,가족
6678,재사용,위해,사임,가해,느낌,외국인,거기,채택,인생,조이스틱
6689,일어나고,숫자,기만,전송,고요,안치,좀더,월드,크게,가장
6697,트롤러,외국인,언쟁,자동,대고,증가,지원,몇번,사임,여름
6708,데미지,기간,대화,가나,불가능,대고,정보,카드,최근,카운트
6713,하나요,지랄,천원,지도,짜증,을해,간혹,동생,일일,지하
6727,버벅,도저히,갑자기,뱃지,토큰,눈줄,자체,안정,이안,게임
6754,심보,안정,저가,곳곳,전장,역시,이아,광탈,자체,최상
6755,포코,뭣같,발사체,대미,연승,건가,경제,특수,외국인,지기
6767,스파크,사람과,유도,공유,편이,돌진,최근,데미지,어째,챔피언십
6807,도딱,쪼금,매일,싸구려,랙문제,이기,씨발,이메일,요구사항,심심찮
6828,콜드,대미,설명,특성,데미지,연승,돌진,이따,경제,영상
6839,배틀,금은,방향,접근,마스코트,계정제,학교,마음,로봇,불안
6843,성기,천지,최근,최소,탱커,거짓말,맥스,발열,사용,챔피언십
6872,기간,선물,불가능,대고,도핑,카운트,자책골,버전,유효,무한
6877,재사용,느낌,거래,거기,다이너마이트,인생,위해,벨런스제,가해,모든
6895,시화,스파이크,어째,접근,공유,관통,나선형,스파크,잡기,시국
6937,건가,매치,대학생,여름,포코,특수,외국인,회사,대미,발사
6962,개선,환경,밴트,서버,복구,이제,시도,한국어,딴사람,공유기
6971,기기,면서,대기,투자,가나,따리,광고,한국,대화,주로
7051,로봇,마스코트,윤기,마음,자책골,가족,대학생,특수,건가,불안
7065,경기,운영,연승,전혀,경제,가해,대학생,특수,파괴,느낌
7067,제목,계로,공유기,개선,아이템,마법,그대로,해결,이후,과금
7101,나머지,따리,참여,오백,근접,린데,월드,국가,무작위,무조건
7107,포코,외국인,사임,건가,증가,경기,거기,황소개구리,매치,하란
7110,스파크,머리,두시,돌진,유도,사람과,데미지,상품,승인,조준
7122,버벅,퍼셀,젠진,다해,코인,자체,아시,도저히,라서,떳음
7137,이벤트,실망,돌진,이스트,유도,몇개,영상,두시,사람과,특성
7193,랭커,초보자,분신,도로,사용자,능력,만하,명의,어쩌,곳곳
7209,이메일,사랑,배터리,인증,참고,패치,도딱,확율점,미스터,번호
7212,외국인,포코,사임,거기,하란,지기,피해,모든,뭣같,발사체
7268,클래스,존재,해주,팩토리,상응,충전,균형,꿀잼,삼각,거리
7271,개임,로그아웃,꼴임,밴트,점애,고치,자주,불구,불량,공유기
7298,똑바로,삼인큔데,제로,클래쉬,종종,평소,븅신들,컴팩,여러가지,구입
7327,언쟁,불가능,카드,보기,대고,스트레스,스트래스입니,트롤러,항의,드릅
7341,종종,여러가지,트러피,격감,아기자기,콜드,똑바로,컴팩,특성,워리어
7355,시발,거래,달성,벨런스제,단축,티밍때문,사가,반년,만하,요소
7384,접근,모델링,얘내,로봇,마스코트,소셜,구석,일쑤,계정제,배틀
7405,절로,성기,탱커,투척,어가,일본어,난무,추천,뱅뱅,온갖
7438,데미지,챔피언십,거나,최근,트러피,일쑤,투자,회사,나머지,사람과
7454,도딱,싸구려,병목현상,이메일,배터리,심심찮,순서,번호,존나,플러스
7474,똑바로,삼인큔데,제로,클래쉬,종종,평소,븅신들,컴팩,여러가지,구입
7535,만하,패배,전투,초과,발사체,징계,대규모,클래쉬,명의,목록
7583,직전,었는거,적응,장애,인터,나머진,좀더,서버,청구,시일
7591,티켓,자리,전송,발열,습니,안치,아이디,숫자,일어나고,친추
7613,가끔,실제,해외,문자,플러스,데체,확인,상품,벌써,주네
7650,출시,법도,티어,개판,콜트,근접,상향,자리,배달,의미
7671,외국인,거기,재사용,지고,포코,나야,어어,매치,사임,하란
7698,판다,대처,런가,어랏,휴대폰,스핀,가입,땅땅,기질,팀운
7791,사가,다가,마이크,목록,팀킬,어마,삼인큔데,만하,업그레이드,타임
7807,비비,지랄,시작,엄두,빅브,업뎃,진행,영웅,도중,죽음
7842,얼릉,형편,퍼셀,활동,배치,격감,아시,시점,었기,떳음
7878,병목현상,배터리,의심,시화,유독,존나,심심찮,슈퍼,타이밍,어째
7931,사임,외국인,위해,거기,증가,하란,포코,재사용,나야,황소개구리
7948,도딱,아이패드,심심찮,개발자,둘째,싸구려,이기,쪼금,씨발,랙문제
7956,쓸모,대신,지능,아빠,인공,노잼,무과,운석,공감,가족
7978,대미,콜드,편차,트러피,설명,아기자기,보기,특성,영상,다른사람
8061,삼각,조합,노잼,대신,쓸모,차고,팀운,대릴,존재,지능
8079,심해,정말,무제한,신호,렉좀,패널,직전,하루,기존,잡고
8087,데미지,트러피,콜드,대미,실망,영상,유도,최근,카드,컴팩
8091,불만,어려움,캔슬,파이,플레이,기도,튜토리얼,빅브,지랄,아이콘
8100,취소,몇번,한편,지원,앱스토어,전혀,대학생,트롤러,채택,경기
8104,타라,눈줄,엄두,업뎃,적도,이나,이안,전장,챔피언,엠즈
8166,었기,아시,라서,부롤,계발,퍼셀,튕길때,떳음,요구,도로
8184,사임,하란,포코,거기,외국인,생태계,진심,매치,피해,나야
8194,자책골,유도,지장,데미지,돌진,역전,유튜브,머리,마스코트,공유
8215,벨런스제,거래,차서,파워포인트,관리자,느낌,단축,다이너마이트,모든,일주일
8260,존재,거리,해주,핸드폰,충전,달때,찬양,팩토리,무턱,꿀잼
8312,증가,황소개구리,사임,위해,이유,키좀,거리,채택,외국인,튕기나
8320,배치,중이,활동,달이,짓거리,궁극,하니,개속,만회,잡지
8348,자리,안치,티켓,출시,전송,숫자,사용,무작위,개판,탱커
8374,망겜,우린,클래스,근딜,해주,얼척,모습,존재,꿀잼,상응
8399,자책골,접근,마스코트,학교,로봇,윤기,유효,조작,일시,대고
8401,안함,관리자,리코,랭크업,역시,설치,트롭,문구,달성,재미
8431,피해,생태계,진심,하란,거마,사임,매치,후반,레온,포코
8464,수가,도로,패배,초과,대책,활동,챔피언,만하,어쩌,요구
8471,특수,대학생,승인,머리,마스코트,불안,건가,발사,윤기,운영
8514,웰컴,내내,파워포인트,다해,일주일,재미,느낌,한적,사면,전체
8546,무작위,린데,터치,탱커,년전,오백,근접,두번째,따리,사용
8595,인앱,인식,로봇,생존,라다,아빠,가족,해주시,오해,개꿀잼
8647,도딱,병목현상,싸구려,심심찮,이메일,배터리,칠천이,이기,사랑,둘째
8792,도딱,싸구려,둘째,매일,칠천이,쪼금,클래시,이메일,개발자,랙문제
8813,몇개,선물,고민,영상,보기,불가능,일반,자책골,트러피,지원
8915,무턱,팀운,일시,한국인,운석,조합,감점,가족,무과,인풋랙
9059,한국인,대릴,운석,증감,대신,지능,휴대폰,쓸모,카카오,놨으
9218,노잼,양각,조합,쓸모,차고,삼각,공감,대신,완전,찬양
9306,아주,지속,고요,라면,중이,전송,달이,심해,시점,하루
9318,소통,힐러,스폰되나,구석,초딩,상대편,보이스,붕괴,무빙,결정
9552,이상은,버벅,이후,폰트,하주,잡고,타워,위치,만기,갑자기
9576,너프,팽긘,고치시,만삼천,타임,사가,가량,듭시,저런,쉘리
9628,병목현상,슈퍼,차감,카운트,상점,존나,구매,무한,개같넷,버전
9704,스타즈,티밍하,목록,화가,대기,행동,저런,타임,연속,팀킬
10263,잡지,방해,챔피언,활동,엄첨,수가,눈줄,하니,잡고,떳음
10266,불가능,기간,카드,데미지,자책골,보기,대고,가나,트러피,조작
10398,일주일,도로,굳이,명의,재미,만하,이아,리아,꼴등,패배
10558,정보,관통,접근,유효,기간,로봇,타이밍,스파이크,래서,힐러
11039,린데,터치,오백,무작위,근접,년전,따리,탱커,타고,두번째
11072,수가,초과,여러가지,사이,대책,특성,종종,도로,활동,격감
11079,무조건,따리,본전,븅신들,여러가지,바람,구경,나머지,컴팩,크게
11096,아예,심심찮,존나,절로,일본,투척,이해,닉네임,배터리,한숨
11113,지게,일일,케릭,움직,짜증,천원,모션,러시,의미,권장
11116,기간,카드,지장,데미지,기기,선물,언쟁,불가능,보기,고민
11142,곳곳,전장,실패,이아,눈줄,심보,이안,방해,굳이,기도
11144,대미,콜드,데미지,트러피,회사,카드,거나,지장,건가,보기
11146,수가,도로,만하,패배,초과,활동,분신,요구,궁극,사용자
11163,대미,거마,발사체,교란,아기자기,컴팩,항의,어제,포코,연못
11184,출시,근접,개판,콜트,티어,자리,적응,법도,참여,차별
11210,순서,카운트,존나,고요,가기,라면,사람과,상상,심심찮,번호
11220,짓거리,본전,콜트,만회,무조건,아예튕겨,로만,개판,좀더,가다가
11221,분명,도대체,수준,가제,중독,경우,한가지,실화,먼저,환경
11230,월드,그다음,대화,크게,상상,기만,무조건,최근,카운트,가장
11249,콜트,움직,짓거리,로만,개판,해욮,가다가,적응,일일,교전
11268,대기,면서,기기,대미,스트레스,거마,클럽,컴팩,화가,사전예약
11279,출시,티어,자리,매일,린지,안치,시일,씨발,발견,성능
11333,콜드,트러피,여러가지,대미,격감,아기자기,강제,본전,컴팩,궁극
11338,트러피,나머지,컴팩,콜드,무조건,대미,출석,본전,아기자기,구경
11367,캐릭,오브,상점,예전,현질,클래시,가치,관전,씨발,구매
11395,외국인,포코,뭣같,경기,발사체,경제,지기,건가,어제,지원
11399,기간,투자,카드,기기,가나,데미지,정보,일쑤,거나,대화
11400,컴팩,대미,콜드,발사체,연못,편차,어제,아기자기,트러피,스트
11403,매치,사전예약,거마,교란,클럽,회사,생태계,후반,피해,뭐임
11411,대미,트러피,설명,보기,콜드,카드,영상,아기자기,편차,특성
11438,카운트,트러피,사람과,선물,실망,데미지,이스트,대화,이벤트,상상
11466,거나,투명,투자,기기,일본어,나머지,최근,두번째,대화,챔피언십
11494,구석,존버,거나,로봇,일쑤,기기,사전예약,가나,투자,기간
11499,절로,챔피언십,뱅뱅,투자,일본어,일쑤,버전,시국,어가,투명
11506,의심,아이폰,유독,시화,특유,인풋랙,스파크,잔나,확율점,슈퍼
11519,보호,발사체,뭣같,전체,이동속도,제작자,장시간,꼴등,전투,모든
11522,만회,본전,연속,편차,로만,마다,콜드,대한민국,강제,잘만
11532,최근,공유,챔피언십,반대,사람과,일쑤,시국,거짓말,유도,워낙
11538,트러피,카드,데미지,보기,대미,영상,대화,지장,콜드,유도
11544,연승,콜드,특성,대미,뭣같,설명,궁극,발사체,아기자기,경제
11585,접근,로봇,잡기,스파이크,가족,저절로,타이밍,일시,무빙,방향
11608,몇개,이벤트,보기,데미지,영상,아기자기,설명,지원,상품,연승
11618,무조건,따리,본전,알파벳,만회,나머지,로만,한국,여러가지,짓거리
11629,트러피,대미,데미지,카드,면서,기기,보기,가나,대화,투자
11660,로봇,마스코트,유효,트롤러,자책골,윤기,접근,조작,여름,대고
11671,거래,다이너마이트,파워포인트,벨런스제,모든,느낌,가해,꿀잼저,일주일,명의
11683,대미,트러피,카드,보기,건가,콜드,회사,언쟁,거나,매치
11684,트러피,아기자기,영상,컴팩,콜드,대미,보기,설명,카드,구경
11704,대화,골대,투자,어가,오백,절로,뱅뱅,한지,챔피언십,일본어
11707,여러가지,격감,종종,활동,강제,궁극,본전,대책,콜드,수가
11749,무조건,본전,나머지,크게,월드,만회,여러가지,참여,이겅강,콜드
11787,트러피,콜드,대미,영상,데미지,아기자기,설명,실망,특성,컴팩
11829,부분,대릴,체력,방향,가족,해주시,잡기,저절로,그거,무빙
11849,나머지,대미,무조건,콜드,본전,컴팩,따리,거나,트러피,대기
11858,보스,난무,온갖,부디,초딩,투명,일쑤,공유,절로,시국
11894,구석,거나,로봇,후반,존버,기간,기기,투명,부디,회사
11903,벨런스제,거래,차서,파워포인트,관리자,느낌,단축,다이너마이트,모든,일주일
12115,보기,카드,대고,데미지,불가능,기간,선물,가나,트롤러,몇개
12119,트러피,데미지,영상,콜드,몇개,설명,고민,사람과,이벤트,유도
12155,대미,지장,사전예약,가나,뭐임,트러피,발사,회사,설명,거나
12175,여러가지,자살,소문자,마리,분신,지인,팀원,프리,박스,마다
12199,투자,면서,기기,거나,카드,기간,대화,가나,나머지,대기
12219,고해,엠즈,마이크,볼라,사가,만하,달성,오전,페널티,시발
12231,만날,해주시,그거,인식,체력,아빠,타이밍,가족,사각,보이스
12253,대미,데미지,설명,건가,콜드,보기,카드,불가능,트러피,특수
12275,시발,달성,엠즈,오전,만하,리아,반년,사가,일주일,명의
12304,데미지,카드,기간,투자,트러피,챔피언십,기기,보기,대화,가나
12305,여러가지,격감,짓거리,종종,포스,본전,개속,가장,마리,출석
12308,연승,튕길때,운영,것좀,었기,이벤트,전체,전투,승인,안정화
12312,보호,피해,지고,매치,위해,세방,하란,스트래스,사임,외국인
12337,자리,무작위,개판,사용,근접,법도,년전,티어,안치,배달
12343,몇개,유도,실망,이벤트,영상,돌진,연승,트러피,콜드,고민
12396,지게,지랄,일일,노가다,모션,빅브,러시,비비,걔네,순간
12421,시점,개속,가장,권유,지속,라면,달이,고요,중이,기만
12429,역전,회사,머리,지장,대체,특수,얘내,발사,배틀,승인
12430,면서,가나,기기,카드,보기,대화,데미지,투자,트러피,대미
12438,콜드,트러피,나머지,상상,크게,격감,대미,여러가지,데미지,무조건
12471,증가,황소개구리,무턱,키좀,이유,마음,레알,개꿀잼,생존,트롤러
12473,로얄,차감,돈돞안,지면,구매,클래시,반복,상점,클랜,보석
12521,종종,아기자기,격감,여러가지,트러피,콜드,특성,컴팩,이벤트,대미
12544,연승,대미,콜드,특성,설명,경제,뭣같,보통,아기자기,영상
12583,마스코트,자책골,학교,머리,특수,역전,마음,발사,조작,배틀
12592,일쑤,투명,챔피언십,거나,최근,구석,부디,시국,투자,주작
12597,초반,어마,도하,연못,벨붕,축지법,다가,거꾸로,꿀빨,마이크
12614,여러가지,종종,능력,포스,초과,제로,클래쉬,행동,프로필,워리어
12625,블러,래서,로봇,인앱,사서,라든지,단둘,정보,가나,유효
12632,딱지,관여도,진영,참가,발도,강력,배달,끼리,일정,랜덤
12673,출시,의미,콜트,화병,상향,습니,근접,적응,숫자,천원
12696,월드,그다음,대화,챔피언십,최근,사용,상상,존나,발견,천지
12701,콜드,격감,궁극,특성,활동,대미,본전,여러가지,무조건,챔피언쉽
12708,여러가지,활동,짓거리,잡지,본전,배치,궁극,만회,강제,로만
12719,도딱,싸구려,매일,이메일,심심찮,쪼금,랙문제,이기,씨발,요구사항
12723,기만,참여,크게,차별,가장,월드,근접,티어,좀더,무조건
12738,플러스,라면,지속,그냥,방금,가요,중이,고요,해외,이벤트
12762,로봇,유효,정보,구석,래서,접근,라다,인식,인앱,가족
12779,면서,기기,대기,대화,투자,구경,트러피,카드,따리,가나
12797,출시,티어,기만,성능,근접,사거리,차별,씨발,가장,그다음
12842,대미,카드,트러피,데미지,보기,불가능,회사,설명,콜드,거나
12855,하자,중국인,어가,두번째,절로,뱅뱅,일본어,힐러,골대,사당
12952,권유,달이,시점,개속,가장,여러가지,알바,소원,지속,포스
12972,한계,매우,것좀,문자,운영,몇개,확인,두시,이벤트,옛날
12994,도딱,싸구려,이메일,매일,이기,씨발,심심찮,랙문제,플러스,둘째
13003,가족,아빠,해주시,쓸모,인앱,그거,로봇,생존,인식,무과
13035,사전예약,스폰되나,이름,뭐임,모서리,투명,추천,중국인,무빙,중제
13041,사이,콜드,특성,궁극,아기자기,격감,연승,활동,이벤트,영상
13108,타임,스타즈,다가,팀킬,삼인큔데,피롤,티밍하,목록,마다,행동
13190,거래,차서,벨런스제,대가,재사용,다이너마이트,급접,단축,모든,느낌
13200,연승,것좀,몇개,운영,경제,특수,이벤트,전체,경기,매우
13236,배치,활동,잡지,하니,중이,만기,짓거리,아주,궁극,방해
13267,기간,카드,가나,데미지,기기,보기,불가능,투자,대화,트러피
13272,여러가지,종종,활동,짓거리,배치,격감,본전,포스,잡지,개속
13312,수가,활동,도로,초과,어쩌,궁극,여러가지,었기,요구,격감
13335,보기,불가능,카드,대고,트롤러,여름,자책골,언쟁,건가,로봇
13383,보기,트러피,카드,면서,항의,컴팩,드릅,아기자기,똑바로,제로
13384,본전,무조건,만회,짓거리,크게,나머지,이겅강,여러가지,컴팩,월드
13449,가족,일시,아빠,쓸모,로봇,래서,감점,개꿀잼,인앱,인식
13453,활동,궁극,배치,보통,잡지,짓거리,본전,만회,여러가지,격감
13461,리기,자랑,악의,쉘리꺼,글자,지도,형님,가업,주변,개인
13471,잡지,방해,챔피언,활동,수가,여러가지,대해,모션,짓거리,배치
13530,린지,안치,화병,출시,순서,좀더,성능,인증,기만,확율
13567,아이패드,개발자,신경,도딱,벌레,딴사람,된거,슈퍼셀,둘째,제대로
13574,끼리,일정,는데,누가,상향,판정,기분,고랭,악의,지칭
13590,컴팩,면서,대미,대기,에바,트러피,삼인큔데,연못,구경,아기자기
13597,산딸기,요소,거래,대가,사기,주먹,차서,바하,리코,단점
13612,피해,포코,결론,외국인,거기,사임,생태계,하란,나야,세방
13641,월드,기만,상상,출시,챔피언쉽,크게,좀더,고요,가장,순서
13652,데미지,돌진,유도,사람과,트러피,최근,실망,챔피언십,콜드,영상
13772,해주,팩토리,보이,얼척,무음,쪽바리,현재,존재,정이,필요
13776,순서,상상,존나,천지,월드,번호,가기,출시,발견,반대
